,CXCL13,ENTPD1,IL7R,Label
p15_AAACCTGCACTTAACG-5,3.61247595,0,0,1
p15_AAACGGGCAACACCCG-7,2.62734403,0,0,0
p15_AAACGGGCATAGACTC-6,0,0,0,0
p15_AAACGGGGTAGATTAG-5,4.469834071,2.815324113,0,1
p15_AAACGGGGTATTCGTG-6,2.010668106,2.010668106,0,1
p15_AAACGGGGTTCTGGTA-7,4.408876279,0,0,1
p15_AAACGGGTCTGCTTGC-7,0,0,0,0
p15_AAAGATGCAGTATCTG-7,0,0,0,0
p15_AAAGATGGTCATATGC-5,0,0,2.701911789,0
p15_AAAGATGTCCTTTCGG-8,0,0,3.407745241,0
p15_AAAGATGTCTAGAGTC-7,0,0,0,1
p15_AAAGCAAAGATGCCTT-8,0,0,0,1
p15_AAAGCAAAGGTGGGTT-7,0,0,0,1
p15_AAAGCAACAAGTACCT-8,0,0,0,1
p15_AAAGCAACAGTGGGAT-6,0,0,0,0
p15_AAAGTAGGTCCAACTA-7,0,0,2.648440057,0
p15_AAAGTAGGTTCTGAAC-7,0,0,1.954530892,1
p15_AAAGTAGGTTGAGGTG-6,0,0,3.100493458,0
p15_AAATGCCGTCAAAGCG-7,0,0,0,0
p15_AAATGCCTCGTCCGTT-5,0,0,0,0
p15_AAATGCCTCTTTACAC-8,0,0,0,0
p15_AACACGTAGACGACGT-6,0,0,0,1
p15_AACACGTAGCCCTAAT-5,2.163801101,0,0,1
p15_AACACGTAGCTTATCG-5,0,0,0,1
p15_AACACGTCACATCTTT-7,0,0,0,0
p15_AACACGTCATCCCATC-5,0,0,0,1
p15_AACACGTCATCTCCCA-8,2.623778615,0,0,1
p15_AACACGTGTAATTGGA-5,0,0,0,1
p15_AACACGTGTACGCACC-5,0,0,0,1
p15_AACACGTGTGAACCTT-8,0,0,0,1
p15_AACACGTTCACTTCAT-5,0,0,3.663220682,0
p15_AACACGTTCGTACCGG-6,0,0,3.332127371,1
p15_AACCATGAGAAGGGTA-8,0,0,2.833966604,0
p15_AACCATGCACCCAGTG-5,0,0,4.263074323,0
p15_AACCATGCACGTGAGA-8,2.037461856,0,1.170531224,0
p15_AACCATGCATCACGTA-8,0,0,2.10343203,0
p15_AACCATGCATGTAGTC-6,0,0,0,1
p15_AACCATGGTAGCAAAT-6,0,0,0,1
p15_AACCATGGTAGTACCT-6,0,0,3.72387145,0
p15_AACCATGGTATTCTCT-6,0,1.922453117,0,0
p15_AACCATGGTGCAGTAG-7,0,0,2.367546639,0
p15_AACCGCGTCAACACCA-8,0,2.498722917,0,1
p15_AACGTTGAGATCACGG-5,0,0,0,0
p15_AACGTTGGTGGCAAAC-6,0,0,0,1
p15_AACGTTGGTTTAGCTG-5,0,0,2.228400641,0
p15_AACGTTGTCAACCAAC-6,2.374146509,0,2.374146509,0
p15_AACGTTGTCCGAAGAG-7,2.247097424,0,0,0
p15_AACTCAGCATCCGCGA-7,0,0,0,0
p15_AACTCAGGTGAGGGTT-7,4.139827152,2.424684239,0,1
p15_AACTCCCAGACCTAGG-8,4.264456147,0,0,0
p15_AACTCCCAGACTGGGT-7,0,0,0,0
p15_AACTCCCCACATAACC-8,4.390506515,0,0,0
p15_AACTCCCCACTCGACG-8,0,0,0,1
p15_AACTCCCCATGCAATC-5,1.966063715,0,2.966690537,1
p15_AACTCTTCAGCTCCGA-7,0,0,0,0
p15_AACTCTTGTACAGTGG-5,0,0,2.225448975,0
p15_AACTCTTGTGCCTTGG-7,0,0,3.050638197,0
p15_AACTCTTGTTCTGAAC-6,3.926936126,1.095290026,1.095290026,1
p15_AACTGGTAGTCACGCC-6,2.899048602,0,0,0
p15_AACTGGTAGTGGTAAT-8,0,0,0,1
p15_AACTGGTAGTTACCCA-7,0,0,1.818502436,1
p15_AACTGGTCACGGCTAC-6,0,0,0,1
p15_AACTGGTGTAGTACCT-5,0,1.973495697,0,1
p15_AACTGGTGTCGAACAG-6,0,2.102169793,0,1
p15_AACTGGTGTCTGGTCG-6,2.247475809,0,0,1
p15_AACTGGTTCACCCGAG-6,0,2.541638845,0,1
p15_AACTTTCGTGGTTTCA-7,0,0,0,0
p15_AACTTTCTCACCCGAG-5,0,0,0,0
p15_AACTTTCTCGAGCCCA-6,0,0,3.365655892,0
p15_AAGACCTCAGATAATG-7,0,0,0,0
p15_AAGACCTGTAGCTGCC-7,0,0,3.654012373,0
p15_AAGACCTGTCCGAGTC-8,2.01178937,0,0,0
p15_AAGACCTTCGGCGGTT-6,0,0,0,0
p15_AAGCCGCCACGGCGTT-7,0,0,0,0
p15_AAGCCGCGTTCGCTAA-8,0,0,0,0
p15_AAGCCGCTCAATCACG-8,0,0,3.363903383,0
p15_AAGCCGCTCATTATCC-8,2.983747041,0,0,1
p15_AAGCCGCTCGTAGGAG-5,0,0,0,0
p15_AAGCCGCTCTTCATGT-7,0,0,0,1
p15_AAGGAGCAGGGCACTA-8,0,0,0,1
p15_AAGGAGCTCGCGATCG-8,0,0,2.528446976,0
p15_AAGGCAGCAAACCTAC-7,2.36404808,2.36404808,0,1
p15_AAGGCAGCATGGAATA-5,0,2.698027845,0,1
p15_AAGGCAGTCACTCCTG-8,0,2.260062798,0,1
p15_AAGGCAGTCCTCATTA-8,0,0,3.195369862,0
p15_AAGGTTCCACATTTCT-5,0,0,0,1
p15_AAGGTTCGTACTTGAC-8,0,2.974884491,0,0
p15_AAGGTTCGTGAGCGAT-7,0,2.75748445,0,1
p15_AAGGTTCTCCGTACAA-7,0,2.476969014,0,1
p15_AAGGTTCTCGGAGGTA-5,0,2.830957386,0,1
p15_AAGTCTGAGCTAAGAT-8,0,0,0,0
p15_AAGTCTGCACGGTAAG-8,0,0,0,0
p15_AAGTCTGGTTCTCATT-7,2.186277657,0,0,1
p15_AAGTCTGTCAGCGATT-8,4.480071745,0,0,0
p15_AAGTCTGTCGATAGAA-8,0,2.151620821,0,0
p15_AAGTCTGTCGCCTGTT-7,2.257759662,0,0,1
p15_AAGTCTGTCGTCGTTC-5,0,0,0,1
p15_AATCCAGAGTGCCAGA-8,0,0,0,1
p15_AATCCAGCACGAAGCA-5,0,0,0,1
p15_AATCCAGCAGACAAGC-6,4.243828116,2.448004079,0,0
p15_AATCCAGCATTAGCCA-5,2.107865962,2.107865962,0,1
p15_AATCCAGTCACGCGGT-5,0,0,0,1
p15_AATCCAGTCTGCTGCT-7,0,0,0,1
p15_AATCCAGTCTGTCAAG-6,3.799260099,2.043577634,0,0
p15_AATCGGTAGTTCGATC-6,0,0,0,1
p15_AATCGGTCACAGAGGT-8,2.779175741,0,0,1
p15_AATCGGTGTGGTCTCG-7,3.956094385,0,0,0
p15_AATCGGTTCAGCTTAG-8,0,0,3.559783858,0
p15_ACACCAAAGAGGTAGA-7,0,0,4.650059038,0
p15_ACACCAAAGGCTACGA-7,1.853502105,0,0,1
p15_ACACCAACAAGCTGAG-7,0,0,0,0
p15_ACACCAAGTGGCGAAT-6,0,0,0,0
p15_ACACCAAGTTCTGTTT-7,0,2.097141119,0,1
p15_ACACCCTAGTAAGTAC-5,0,0,3.270194435,0
p15_ACACCCTCAAAGTCAA-6,0,0,3.637358994,0
p15_ACACCCTTCCACGCAG-5,2.581539514,1.961324379,0,0
p15_ACACCGGCACCCATGG-6,0,0,2.857639709,0
p15_ACACCGGCATTGAGCT-8,0,1.53051695,0,0
p15_ACACCGGGTACTTAGC-6,0,0,0,1
p15_ACACCGGTCGCGGATC-6,0,0,1.843136935,0
p15_ACACTGAAGCGATAGC-5,0,1.54515019,0,1
p15_ACACTGACAGTTTACG-7,0,0,1.578796153,0
p15_ACACTGACATTCTCAT-7,0,0,2.432227834,0
p15_ACACTGAGTATAGGGC-5,0,0,0,0
p15_ACACTGATCCCAAGTA-8,0,0,3.987316971,0
p15_ACAGCCGCACACATGT-6,2.093390739,0,0,1
p15_ACAGCTAAGACGCTTT-5,2.169618544,0,0,0
p15_ACAGCTAAGTTTCCTT-5,0,0,0,0
p15_ACAGCTAGTACCGGCT-6,3.438838443,0,0,1
p15_ACAGCTATCTGTCTCG-6,0,1.817206135,0,1
p15_ACAGCTATCTTTCCTC-8,3.27181949,0,0,0
p15_ACATACGAGAGCTTCT-5,0,0,3.009034542,0
p15_ACATACGCACAGATTC-5,0,0,3.453742189,0
p15_ACATACGTCGGAATCT-7,0,0,0,1
p15_ACATCAGAGAGTTGGC-8,2.724252515,0,0,0
p15_ACATCAGAGTGGTAAT-7,0,0,3.40492647,0
p15_ACATCAGCACGCTTTC-8,0,0,0,1
p15_ACATCAGTCGCTAGCG-8,0,2.133694896,0,0
p15_ACATCAGTCGTTTATC-5,0,0,2.720457708,1
p15_ACATGGTTCCAAACTG-7,0,0,0,1
p15_ACATGGTTCTGAAAGA-8,2.046213618,0,0,1
p15_ACCAGTACAAGGACTG-5,0,0,0,0
p15_ACCAGTACACTAGTAC-8,0,0,2.633919024,0
p15_ACCAGTAGTGGCTCCA-6,0,0,0,0
p15_ACCAGTAGTGGTCTCG-6,0,0,0,0
p15_ACCAGTATCAATAAGG-8,0,1.850331837,0,0
p15_ACCAGTATCAGTTAGC-6,4.34182108,1.747539316,0,0
p15_ACCAGTATCCCAGGTG-6,0,0,3.526057265,0
p15_ACCAGTATCGGTTAAC-8,0,0,2.523156532,0
p15_ACCCACTAGAGGTTAT-7,0,0,2.114243998,0
p15_ACCCACTGTTAGTGGG-6,0,0,0,1
p15_ACCGTAAAGAGGTTAT-8,0,0,0,1
p15_ACCGTAAAGAGTTGGC-8,0,0,3.103536609,0
p15_ACCGTAAAGATAGCAT-5,3.229690917,0,0,0
p15_ACCGTAACAGTATAAG-5,0,0,0,1
p15_ACCGTAACATGCATGT-7,0,0,0,1
p15_ACCGTAAGTAGTACCT-5,3.740619016,3.070933841,0,0
p15_ACCGTAATCAACACCA-6,0,0,2.967856556,0
p15_ACCGTAATCGTTTGCC-7,0,0,1.995141053,0
p15_ACCGTAATCTAACTTC-6,0,0,3.4806103,0
p15_ACCTTTAAGTCAAGGC-8,0,0,0,0
p15_ACCTTTAAGTGTGAAT-5,0,0,3.92612362,0
p15_ACCTTTACATCCGCGA-7,0,0,2.20508527,0
p15_ACGAGCCAGATAGGAG-8,3.374014202,0,0,1
p15_ACGAGCCAGTCACGCC-5,0,0,0,1
p15_ACGAGCCCAAAGGCGT-8,0,0,3.194621494,0
p15_ACGAGCCCACCGTTGG-6,0,0,0,0
p15_ACGAGCCCATCACCCT-6,2.491748112,0,2.126832236,0
p15_ACGAGCCGTCCGAATT-8,0,0,0,1
p15_ACGAGCCGTTCATGGT-7,0,0,0,0
p15_ACGAGCCGTTGCGCAC-5,0,0,2.902606847,0
p15_ACGAGCCGTTGCTCCT-7,0,0,3.551122102,0
p15_ACGAGCCTCTGCGTAA-7,4.765604935,2.449453082,0,0
p15_ACGAGCCTCTGGTTCC-6,0,0,0,1
p15_ACGAGGACAATCCAAC-6,2.764655753,0,2.390203623,0
p15_ACGAGGATCTCTTATG-6,0,2.006756599,0,1
p15_ACGATACAGAGCAATT-5,0,0,2.12650693,0
p15_ACGATACCATGCCACG-8,0,0,2.66631674,1
p15_ACGATACTCCTGTACC-6,0,1.656146742,0,1
p15_ACGATACTCGGAGCAA-8,0,0,0,0
p15_ACGATGTCACAGAGGT-7,0,0,2.148939336,0
p15_ACGATGTGTAGCCTCG-8,0,0,0,1
p15_ACGATGTGTGCAGTAG-7,0,0,0,0
p15_ACGATGTTCACCAGGC-6,0,0,0,1
p15_ACGATGTTCGAGAGCA-7,0,0,3.719225669,0
p15_ACGCAGCCATTACCTT-7,0,0,4.430668596,0
p15_ACGCAGCGTCTCTTAT-7,2.924798168,1.509859115,0,1
p15_ACGCAGCGTTGCTCCT-8,0,0,0,0
p15_ACGCCAGCACGGCTAC-7,0,0,0,1
p15_ACGCCAGCAGGTCGTC-8,0,0,4.377478299,0
p15_ACGCCAGGTACAGCAG-7,2.157687568,2.157687568,0,1
p15_ACGCCAGGTCTGATTG-6,0,0,0,1
p15_ACGCCAGGTGTAAGTA-8,2.186979401,0,1.60022199,0
p15_ACGCCAGTCAGCCTAA-8,0,0,0,0
p15_ACGCCGAAGAACTCGG-8,3.921667073,1.633879048,0,0
p15_ACGCCGACAAACGTGG-6,0,0,0,1
p15_ACGCCGAGTCCCTACT-7,0,0,1.549810011,0
p15_ACGCCGAGTCGCTTTC-7,0,0,0,0
p15_ACGCCGAGTGACGGTA-6,0,0,3.401648602,0
p15_ACGCCGATCCCTAACC-7,0,2.560897413,0,0
p15_ACGGAGAAGAGGACGG-5,0,0,0,1
p15_ACGGAGAAGAGTACCG-5,3.955647626,0,0,0
p15_ACGGAGAAGGAGTAGA-8,3.311699937,0,0,1
p15_ACGGAGACAATACGCT-8,0,2.737665122,0,1
p15_ACGGAGACAGCTCGCA-7,0,0,3.447634414,0
p15_ACGGAGAGTTGATTGC-8,0,0,2.27089805,0
p15_ACGGCCAAGAAAGTGG-5,0,0,2.951095105,1
p15_ACGGCCACAGGAACGT-5,0,2.725584587,0,0
p15_ACGGCCATCACCACCT-7,0,0,3.534499963,0
p15_ACGGCCATCACCCTCA-7,0,1.376991968,0,1
p15_ACGGCCATCCAACCAA-6,0,0,0,0
p15_ACGGCCATCCATTCTA-6,0,0,0,0
p15_ACGGGCTAGGTACTCT-6,0,0,0,1
p15_ACGGGCTCAATCTACG-6,2.507479714,0,0,1
p15_ACGGGCTCAATGCCAT-8,2.468026314,0,0,0
p15_ACGGGCTCACCCATTC-5,0,0,2.662587827,0
p15_ACGGGCTCATGCTAGT-8,0,0,3.664146441,0
p15_ACGGGCTCATGGAATA-8,0,0,0,0
p15_ACGGGCTCATTTCACT-8,0,0,1.871421506,0
p15_ACGGGCTGTATGGTTC-8,0,0,0,1
p15_ACGGGCTTCAGTCCCT-8,0,0,0,1
p15_ACGGGCTTCTGCCAGG-7,0,2.226923455,0,1
p15_ACGGGTCGTACATGTC-7,0,0,0,1
p15_ACGGGTCTCCGCGGTA-8,0,0,4.14796899,0
p15_ACGGGTCTCTCGGACG-8,0,0,0,1
p15_ACGTCAAAGACTGGGT-5,0,0,3.232804345,0
p15_ACGTCAAGTCTGATTG-8,0,0,0,1
p15_ACTATCTAGTGTTGAA-5,0,0,2.774653636,0
p15_ACTATCTCAGATGAGC-5,0,0,0,0
p15_ACTATCTCAGTGGGAT-8,3.471702937,1.979386812,0,1
p15_ACTATCTCATCTATGG-7,0,2.663829022,3.714873769,0
p15_ACTATCTCATTCGACA-8,4.534639841,0,0,0
p15_ACTATCTTCACTTCAT-7,2.891553093,0,0,0
p15_ACTATCTTCCAGAGGA-7,2.065824089,0,0,1
p15_ACTGAACAGGAACTGC-7,0,2.177557569,0,1
p15_ACTGAACCATGGTAGG-6,4.436838003,0,0,1
p15_ACTGAACTCCGCAGTG-7,2.35277883,0,0,0
p15_ACTGAACTCTGTCTAT-8,0,0,0,1
p15_ACTGAGTAGGGAAACA-8,2.442712332,1.832917542,0,0
p15_ACTGAGTAGGTAAACT-5,0,0,0,0
p15_ACTGAGTGTAAACGCG-5,4.684717634,0,0,0
p15_ACTGAGTTCACGCGGT-6,0,0,0,0
p15_ACTGAGTTCACTTACT-5,0,0,2.454301201,0
p15_ACTGAGTTCCTAGTGA-8,2.086561512,0,0,0
p15_ACTGATGAGGTTACCT-8,0,0,0,0
p15_ACTGATGCAGAAGCAC-7,0,0,0,0
p15_ACTGATGGTATAGGGC-8,0,0,3.392346064,0
p15_ACTGATGTCCCTTGTG-8,4.764556306,0,0,1
p15_ACTGCTCGTAGTAGTA-5,0,0,3.28864259,0
p15_ACTGCTCGTATGAAAC-8,2.681394211,0,0,1
p15_ACTGCTCGTGCAACTT-7,0,0,0,1
p15_ACTGCTCGTGGCCCTA-8,0,0,0,0
p15_ACTGCTCGTTGCCTCT-8,0,0,3.751385636,0
p15_ACTGTCCCAGGCAGTA-8,0,0,0,0
p15_ACTGTCCGTGAGGGTT-6,0,0,0,1
p15_ACTGTCCTCGTCTGCT-8,0,0,0,1
p15_ACTTACTAGAATTCCC-7,0,0,0,1
p15_ACTTACTAGTGTGAAT-8,2.682662524,0,0,1
p15_ACTTACTCACGTCAGC-6,0,0,2.109137424,0
p15_ACTTACTGTTTAGCTG-5,0,0,0,0
p15_ACTTACTTCTCATTCA-5,0,0,0,0
p15_ACTTACTTCTCGATGA-8,0,0,0,0
p15_ACTTGTTAGACGACGT-5,0,0,0,1
p15_ACTTGTTAGCAACGGT-8,0,0,2.107231004,0
p15_ACTTGTTAGCTACCGC-7,0,0,0,1
p15_ACTTGTTAGGAACTGC-5,0,0,0,0
p15_ACTTGTTAGTCGAGTG-7,0,0,0,1
p15_ACTTGTTAGTGTACTC-5,0,0,1.970833015,0
p15_ACTTGTTCACATAACC-5,0,0,0,0
p15_ACTTGTTCAGATGAGC-5,0,0,0,1
p15_ACTTGTTCAGCTCCGA-5,0,0,0,1
p15_ACTTGTTTCAGGATCT-7,0,0,0,0
p15_ACTTGTTTCGAATGCT-5,0,0,2.948807457,0
p15_ACTTGTTTCTCTAGGA-5,0,0,1.997339922,0
p15_ACTTTCAAGAAGGTGA-6,0,0,0,0
p15_ACTTTCAAGATCCTGT-6,3.198369426,0,0,1
p15_ACTTTCAAGTCATCCA-8,0,0,0,0
p15_ACTTTCACATCATCCC-6,0,0,1.966063715,0
p15_ACTTTCACATGGATGG-8,1.896496914,0,0,0
p15_ACTTTCAGTACAGACG-7,0,0,0,0
p15_ACTTTCAGTGGACGAT-8,0,0,0,0
p15_ACTTTCAGTTCAGCGC-7,0,0,0,1
p15_ACTTTCAGTTTAAGCC-6,0,0,2.277547782,0
p15_AGAATAGGTATATGGA-6,0,0,2.981967561,0
p15_AGAATAGGTTCGTGAT-8,3.127001515,0,0,1
p15_AGACGTTCAAACCTAC-5,0,0,0,1
p15_AGACGTTCACATTAGC-7,0,0,3.002646117,1
p15_AGACGTTGTCACTTCC-6,0,2.784861132,0,1
p15_AGACGTTTCAACCAAC-7,3.296752132,2.015726797,0,0
p15_AGAGCGAAGCTATGCT-8,0,1.714097226,0,1
p15_AGAGCTTCAAACTGTC-5,3.732623077,0,0,0
p15_AGAGCTTGTACCGTAT-5,0,0,2.163801101,0
p15_AGAGCTTTCTGATACG-7,2.503347612,0,0,0
p15_AGAGTGGAGCAGCGTA-8,0,0,0,1
p15_AGAGTGGAGGACAGCT-5,2.378131784,0,0,1
p15_AGAGTGGTCAGAGGTG-8,0,0,0,0
p15_AGATCTGCACTCTGTC-5,0,0,0,1
p15_AGATCTGCAGCATGAG-5,0,0,0,1
p15_AGATCTGGTCAAAGCG-7,0,0,0,0
p15_AGATTGCCACATAACC-5,0,0,0,0
p15_AGATTGCGTTCGTGAT-6,0,1.995690175,2.999317701,0
p15_AGATTGCTCAGCGACC-7,0,0,3.337523243,0
p15_AGATTGCTCCGCTGTT-6,0,0,2.440796294,0
p15_AGATTGCTCTACTATC-7,0,0,0,1
p15_AGCAGCCAGAACAACT-8,2.614107516,1.261582479,0,1
p15_AGCAGCCCACAACTGT-8,0,0,0,0
p15_AGCAGCCCACATTCGA-6,0,2.615516055,0,1
p15_AGCAGCCCAGCTGTGC-8,0,1.89601581,0,1
p15_AGCAGCCGTCATACTG-8,0,0,0,1
p15_AGCAGCCGTCGGCTCA-7,0,2.332369654,0,1
p15_AGCAGCCTCGATGAGG-6,4.43978957,0,0,1
p15_AGCATACAGACAAGCC-7,0,0,4.00214354,0
p15_AGCATACGTAAAGTCA-8,0,0,2.920138718,0
p15_AGCATACTCCTAGTGA-6,0,0,0,0
p15_AGCCTAAAGACTAGAT-8,0,0,0,1
p15_AGCCTAACAAGGACAC-8,0,0,4.600990174,0
p15_AGCCTAACATCATCCC-8,0,2.256993401,0,1
p15_AGCCTAAGTTCTCATT-7,3.498060357,0,0,0
p15_AGCGGTCAGAGGTTAT-8,0,0,2.127157677,0
p15_AGCGGTCAGAGTGAGA-7,0,0,0,0
p15_AGCGGTCCACATCCAA-6,0,2.315740193,1.7167144,0
p15_AGCGTATAGCCTCGTG-6,0,0,0,1
p15_AGCGTATAGTGTTGAA-8,0,0,3.407745241,0
p15_AGCGTATCACCCAGTG-7,0,0,1.441702805,0
p15_AGCGTATCATCGTCGG-5,0,1.752844053,2.35536583,1
p15_AGCGTATCATGGTAGG-5,4.148991548,2.07065391,0,1
p15_AGCGTATGTAGCGATG-5,0,0,3.730800082,0
p15_AGCGTATGTCGTGGCT-5,0,2.429391022,0,1
p15_AGCGTCGAGAGTACCG-6,3.533961666,0,0,1
p15_AGCGTCGCAAGAGGCT-5,0,2.776346712,0,1
p15_AGCTCCTGTGTCCTCT-5,0,0,0,1
p15_AGCTCCTTCAGTCCCT-6,0,0,2.495143286,0
p15_AGCTCCTTCCTCAACC-8,0,0,0,1
p15_AGCTCCTTCGGCGGTT-6,0,0,0,1
p15_AGCTCCTTCTGCGACG-7,0,0,0,0
p15_AGCTCTCAGGAATCGC-8,0,0,0,0
p15_AGCTCTCAGGCGATAC-7,0,0,0,0
p15_AGCTCTCCACCTGGTG-8,0,0,0,1
p15_AGCTCTCCACTCTGTC-8,0,0,0,1
p15_AGCTCTCCAGGATTGG-8,0,0,0,1
p15_AGCTCTCGTTCAGCGC-6,0,0,3.942299126,0
p15_AGCTCTCGTTTGTGTG-8,0,0,0,0
p15_AGCTCTCTCCCTAACC-6,0,0,2.754724061,0
p15_AGCTCTCTCTGAGTGT-5,4.049271651,0,0,0
p15_AGCTTGAAGCGTTTAC-8,0,0,4.061500054,0
p15_AGCTTGAGTATAGGGC-5,0,0,2.595007976,0
p15_AGCTTGAGTCTAACGT-8,0,2.230621511,0,1
p15_AGCTTGATCAGTGCAT-8,0,0,0,1
p15_AGCTTGATCCGTTGCT-7,3.535192511,1.750481456,0,1
p15_AGCTTGATCGGTTCGG-8,0,0,0,0
p15_AGGCCACAGATGAGAG-8,0,0,3.597105605,0
p15_AGGCCACAGTCCTCCT-6,0,0,0,1
p15_AGGCCACAGTGTACTC-7,0,0,0,1
p15_AGGCCACCAGTTAACC-5,0,0,0,0
p15_AGGCCACCATATACGC-5,3.150085039,0,0,1
p15_AGGCCACTCACAGGCC-7,0,0,3.841443987,0
p15_AGGCCACTCTGAGGGA-6,1.426850413,0,0,0
p15_AGGCCGTAGATCCGAG-7,4.263227762,0,0,0
p15_AGGCCGTAGCAGGCTA-5,0,0,3.603165936,0
p15_AGGCCGTAGTCGTTTG-7,0,0,0,1
p15_AGGCCGTAGTGGAGTC-5,0,0,1.987494717,0
p15_AGGCCGTCAAACTGTC-8,0,0,0,1
p15_AGGCCGTCAAGCCCAC-5,3.479593839,0,0,0
p15_AGGCCGTCACAAGACG-7,0,0,0,0
p15_AGGCCGTCATGCTGGC-8,0,0,2.032834626,0
p15_AGGCCGTGTCTCCATC-5,0,0,2.348485082,0
p15_AGGCCGTTCCATGAGT-7,0,0,0,0
p15_AGGCCGTTCTTCCTTC-7,0,0,0,1
p15_AGGGAGTAGCTATGCT-5,4.106457727,0,0,0
p15_AGGGAGTAGTTTGCGT-8,0,0,4.326481272,0
p15_AGGGAGTCAGCATACT-7,0,0,2.514759613,0
p15_AGGGAGTTCATGCAAC-5,0,0,3.565701739,0
p15_AGGGAGTTCCGAGCCA-6,0,0,0,0
p15_AGGGATGCAATAGCGG-5,0,0,0,1
p15_AGGGATGCACCCATGG-7,0,0,3.424359402,0
p15_AGGGATGGTCGTCTTC-6,0,0,3.261307226,0
p15_AGGGTGAAGCGATTCT-7,3.337741476,0,0,1
p15_AGGGTGACACCGATAT-6,0,0,2.236200601,0
p15_AGGGTGACAGGTTTCA-5,4.657267505,0,0,1
p15_AGGGTGACATCCGCGA-7,4.535625868,0,0,0
p15_AGGGTGAGTACTCTCC-6,0,0,2.604427547,0
p15_AGGGTGAGTCATACTG-8,0,0,0,0
p15_AGGGTGAGTTCCCGAG-5,3.493409636,0,0,0
p15_AGGTCATCAAAGTGCG-7,0,0,0,1
p15_AGGTCATCACTTCGAA-7,0,0,0,1
p15_AGGTCATTCAACACTG-8,0,0,0,1
p15_AGGTCATTCCGAATGT-7,0,0,0,0
p15_AGGTCATTCTAGAGTC-6,0,0,0,0
p15_AGGTCATTCTGTACGA-8,0,0,2.624174048,0
p15_AGGTCCGAGAGGTTGC-7,0,0,0,1
p15_AGGTCCGCAAGCCGTC-7,4.410782634,0,1.62268849,1
p15_AGGTCCGCAATGGTCT-5,0,0,0,0
p15_AGGTCCGCACAACTGT-6,3.502213711,0,0,0
p15_AGTAGTCAGCCAGTAG-5,3.174642109,0,0,0
p15_AGTAGTCCAAGACGTG-5,0,0,2.736989602,0
p15_AGTAGTCCACCAGCAC-7,0,2.186628452,0,0
p15_AGTAGTCCAGACAAGC-6,0,0,0,1
p15_AGTAGTCGTACTTAGC-7,0,0,0,0
p15_AGTAGTCGTGCCTGTG-8,2.844579794,2.844579794,0,0
p15_AGTAGTCTCCTAAGTG-8,0,0,0,1
p15_AGTAGTCTCTAACCGA-6,0,0,0,0
p15_AGTCTTTCACGACGAA-6,0,0,4.048209519,0
p15_AGTCTTTCAGCAGTTT-7,0,0,3.433296215,0
p15_AGTCTTTGTTACCAGT-8,0,0,0,0
p15_AGTCTTTGTTATGTGC-6,0,0,0,0
p15_AGTCTTTTCGTGACAT-5,0,0,3.747333899,0
p15_AGTGAGGGTGGTACAG-8,5.276313047,0,0,0
p15_AGTGAGGTCGCGTTTC-5,0,0,0,0
p15_AGTGGGAAGAATGTTG-6,0,3.561893134,1.773251847,1
p15_AGTGGGAAGTAGTGCG-7,0,0,2.547769003,0
p15_AGTGGGATCAGAGCTT-8,0,0,0,1
p15_AGTGTCAAGGGTGTTG-7,0,2.257759662,0,1
p15_AGTGTCACAATGGATA-7,0,1.95557206,1.95557206,1
p15_AGTGTCACAGTATGCT-6,0,0,0,1
p15_AGTGTCAGTCTAAACC-5,0,0,0,1
p15_AGTGTCAGTGCAGACA-8,3.925717624,0,0,0
p15_AGTTGGTAGAGTACCG-6,0,0,3.384052189,0
p15_AGTTGGTAGGGTTTCT-8,0,0,0,0
p15_AGTTGGTCAAGTTCTG-7,0,0,0,1
p15_AGTTGGTCACACATGT-7,0,2.32651099,2.32651099,1
p15_AGTTGGTGTGTTCTTT-6,0,0,0,0
p15_AGTTGGTTCACGACTA-5,0,0,3.433503458,0
p15_ATAACGCCACGCGAAA-6,1.75205564,0,0,0
p15_ATAACGCCACTACAGT-7,0,0,2.142275133,0
p15_ATAACGCGTTAAAGAC-8,3.646359796,1.353748621,1.353748621,1
p15_ATAACGCGTTCGGCAC-5,0,0,0,0
p15_ATAACGCGTTGTACAC-5,0,0,0,1
p15_ATAACGCTCTAAGCCA-8,0,0,2.20508527,0
p15_ATAACGCTCTTAGAGC-5,0,0,3.110676939,0
p15_ATAAGAGCAGATCCAT-6,0,0,0,0
p15_ATAAGAGGTCATATCG-5,0,0,0,0
p15_ATAAGAGGTCTAAAGA-7,0,2.574230167,0,1
p15_ATAAGAGTCCGTAGGC-7,0,0,0,0
p15_ATAAGAGTCTAACGGT-6,0,0,2.272457809,0
p15_ATAGACCCATTCCTGC-6,3.244574004,0,0,0
p15_ATAGACCTCACGCATA-8,0,0,0,0
p15_ATCACGACACATTTCT-6,0,0,2.253935584,0
p15_ATCACGACACCGAATT-5,4.308296439,0,0,1
p15_ATCACGACACTGTGTA-7,0,0,4.082761704,0
p15_ATCACGAGTACTCTCC-6,0,0,0,1
p15_ATCACGAGTCGCCATG-5,0,0,0,1
p15_ATCACGATCCTATTCA-7,2.508515888,0,0,1
p15_ATCATCTCATCGTCGG-5,0,0,0,0
p15_ATCATCTGTACATGTC-6,0,0,0,1
p15_ATCATCTGTAGCGTAG-8,0,0,2.729592984,0
p15_ATCATCTGTATAAACG-5,2.156335382,0,0,0
p15_ATCATCTGTCACTGGC-6,0,0,1.543121997,0
p15_ATCATCTTCTACCAGA-5,0,0,0,1
p15_ATCATGGAGTGCAAGC-6,0,0,2.392458507,1
p15_ATCATGGCAACGCACC-6,0,0,3.936740131,0
p15_ATCATGGCACAGCCCA-5,0,0,0,1
p15_ATCATGGCACATCCAA-6,0,0,2.59999329,0
p15_ATCATGGCACGTAAGG-6,0,0,4.418445507,0
p15_ATCATGGTCACAACGT-5,0,2.112964234,0,1
p15_ATCATGGTCACGAAGG-6,0,0,0,1
p15_ATCCACCAGAGGACGG-7,3.183468341,1.580019424,0,0
p15_ATCCACCAGCTAGTGG-5,0,0,0,0
p15_ATCCACCCAAATACAG-7,0,0,3.573076797,0
p15_ATCCACCCAAGCCTAT-5,0,0,0,0
p15_ATCCACCGTTCGGCAC-8,4.229030987,1.967120958,0,1
p15_ATCCACCTCCTAGTGA-6,0,0,0,0
p15_ATCCACCTCTACCTGC-8,0,0,0,0
p15_ATCCGAAAGCTTATCG-8,0,0,0,0
p15_ATCCGAAGTCTCTCTG-8,0,0,1.459959496,0
p15_ATCGAGTGTATTCTCT-6,0,0,0,0
p15_ATCGAGTGTGTATGGG-6,0,0,3.708706469,0
p15_ATCTACTCACATTCGA-8,0,1.309655151,0,1
p15_ATCTACTCATCCAACA-7,0,0,0,0
p15_ATCTACTGTCACCCAG-7,0,2.295416604,0,1
p15_ATCTACTTCGCTAGCG-5,0,0,3.348277218,0
p15_ATCTGCCAGTCAAGCG-5,0,0,0,1
p15_ATCTGCCGTTATCGGT-8,0,0,2.583235155,0
p15_ATCTGCCTCATGCATG-8,0,0,0,0
p15_ATCTGCCTCGAATGGG-7,0,0,0,0
p15_ATCTGCCTCTTGGGTA-7,0,2.379909176,0,0
p15_ATGAGGGAGGCAAAGA-6,0,0,2.549943128,0
p15_ATGAGGGAGGGTCGAT-8,0,0,0,1
p15_ATGAGGGAGGTGTGGT-8,2.210850965,0,0,1
p15_ATGAGGGCACGACTCG-6,0,0,0,0
p15_ATGAGGGCACTTACGA-6,0,0,0,1
p15_ATGAGGGTCGTTGCCT-8,0,0,3.327971292,0
p15_ATGCGATAGTTCGCAT-7,0,0,2.963927267,0
p15_ATGCGATGTCAGTGGA-8,2.121966714,0,0,0
p15_ATGCGATGTCGATTGT-8,0,0,3.7404852,0
p15_ATGCGATGTCTAAACC-7,4.698907182,0,0,1
p15_ATGCGATGTCTGATTG-8,0,0,0,1
p15_ATGCGATGTGGAAAGA-5,0,0,0,1
p15_ATGCGATTCTTTACAC-7,0,0,2.475970692,0
p15_ATGGGAGGTGAGGGTT-8,0,0,3.005378497,0
p15_ATGGGAGTCACTCTTA-8,0,0,2.155660153,0
p15_ATGGGAGTCTCAACTT-5,0,0,0,1
p15_ATGTGTGAGACTTTCG-8,0,2.54074105,0,1
p15_ATGTGTGCACTCGACG-5,0,0,4.292829449,0
p15_ATGTGTGCAGCATACT-5,3.852813434,0,0,0
p15_ATGTGTGCAGGATCGA-8,0,0,0,1
p15_ATGTGTGGTGATAAAC-6,0,0,0,1
p15_ATGTGTGTCTTGTTTG-8,0,0,0,1
p15_ATTACTCAGACGCAAC-7,0,0,0,0
p15_ATTACTCAGTCCGTAT-5,0,0,3.246154672,0
p15_ATTACTCCAGACGCTC-7,0,0,0,1
p15_ATTACTCGTGGTACAG-7,0,0,0,1
p15_ATTACTCTCATACGGT-7,0,0,0,1
p15_ATTACTCTCCTGCTTG-6,0,0,0,0
p15_ATTATCCAGTACGTTC-7,0,0,0,0
p15_ATTATCCCACCCTATC-8,0,0,0,0
p15_ATTATCCCAGTACACT-5,0,0,0,0
p15_ATTATCCGTTGGAGGT-8,0,0,0,0
p15_ATTATCCTCAACCAAC-7,0,2.483990479,2.483990479,0
p15_ATTATCCTCGTTTGCC-5,0,0,4.121754467,0
p15_ATTCTACAGCGATATA-5,0,0,2.369301473,0
p15_ATTCTACAGGCCCTCA-5,0,0,2.59634734,0
p15_ATTCTACAGTGGACGT-6,0,0,0,1
p15_ATTCTACCACCTCGTT-5,0,0,0,0
p15_ATTCTACCATGCCCGA-7,0,0,3.254098771,0
p15_ATTCTACCATTCACTT-7,0,0,3.218683845,0
p15_ATTCTACGTCGTTGTA-5,0,0,0,1
p15_ATTCTACTCATGGTCA-7,0,0,2.144934076,0
p15_ATTGGACAGAAACCTA-7,2.228400641,0,0,1
p15_ATTGGACAGGCAAAGA-5,0,0,0,1
p15_ATTGGACGTCCAGTTA-8,0,2.392458507,0,0
p15_ATTGGACTCGATAGAA-7,0,0,0,0
p15_ATTGGACTCGTACGGC-7,0,0,0,0
p15_ATTGGACTCTCCCTGA-6,0,0,3.503515401,0
p15_ATTGGACTCTTGGGTA-6,1.567587559,0,0,1
p15_ATTGGTGAGACAAAGG-8,1.739172807,0,0,0
p15_ATTGGTGCAACAACCT-5,0,0,3.379110969,0
p15_ATTGGTGCAACGCACC-7,0,0,3.161198832,0
p15_ATTGGTGGTAGCCTCG-6,3.990627197,1.762374397,0,0
p15_ATTGGTGGTATTAGCC-8,0,0,0,1
p15_ATTGGTGTCCTCAACC-8,0,0,0,0
p15_ATTGGTGTCGGATGGA-6,0,0,0,0
p15_ATTTCTGAGGCGACAT-5,0,0,0,1
p15_ATTTCTGAGTGGAGTC-8,0,0,0,0
p15_ATTTCTGCACGAAACG-6,0,0,0,1
p15_ATTTCTGGTAAGTAGT-6,0,0,1.704461788,0
p15_ATTTCTGGTGCAACGA-5,3.106250164,0,0,0
p15_ATTTCTGGTGCAGGTA-6,0,2.380799301,0,1
p15_ATTTCTGTCTACTCAT-8,0,0,0,1
p15_CAACCAACAGACGCAA-7,0,0,0,1
p15_CAACCAACAGCTGGCT-8,0,0,0,1
p15_CAACCAACAGGAACGT-8,2.063420415,0,0,0
p15_CAACCAATCAGAGCTT-7,3.811721175,0,0,1
p15_CAACCAATCCTAAGTG-7,0,0,0,0
p15_CAACCAATCGCCAGCA-6,2.747177329,0,0,0
p15_CAACCAATCTACCAGA-6,0,0,3.047702596,0
p15_CAACCTCGTGAAATCA-8,0,0,0,0
p15_CAACCTCTCAATACCG-5,2.539127394,0,0,0
p15_CAACCTCTCCTGTACC-8,0,0,0,1
p15_CAACTAGAGAGGTTAT-7,0,0,0,1
p15_CAACTAGAGTGGGTTG-7,0,0,0,0
p15_CAACTAGGTAGCCTAT-7,0,0,1.59113221,0
p15_CAACTAGGTGGTAACG-7,0,0,0,0
p15_CAACTAGTCCCTCTTT-8,0,0,0,0
p15_CAAGAAAAGGTGATAT-7,4.489339744,0,0,1
p15_CAAGAAAAGTACACCT-8,5.03211404,0,1.862177221,0
p15_CAAGAAAGTCTCTCTG-5,0,0,4.048041921,0
p15_CAAGATCAGAGGTTAT-8,0,0,3.537504683,0
p15_CAAGATCAGTTCGCAT-5,0,3.009950863,0,1
p15_CAAGATCCAAACGCGA-7,0,0,0,0
p15_CAAGATCCACCGGAAA-7,3.380206762,0,0,1
p15_CAAGATCGTCACAAGG-5,0,0,0,0
p15_CAAGGCCAGCCAGTAG-5,0,0,0,1
p15_CAAGGCCAGCTAACTC-8,3.268572226,2.243323274,0,1
p15_CAAGGCCCACGGACAA-6,2.107865962,0,0,0
p15_CAAGGCCGTCGCGGTT-5,2.300248433,0,0,1
p15_CAAGGCCGTCTCTTTA-8,0,0,4.54091614,0
p15_CAAGTTGGTCCCTACT-8,0,0,2.789149309,0
p15_CACAAACAGGACGAAA-7,0,0,0,0
p15_CACAAACCACGGACAA-7,1.615545783,0,0,1
p15_CACAAACGTAAATACG-8,2.282669783,1.163370856,0,1
p15_CACAAACGTTCGGCAC-8,0,0,3.346292671,0
p15_CACAAACTCGTAGATC-7,2.745812125,2.114884664,0,0
p15_CACACAACAAGCCCAC-5,0,0,2.477968517,0
p15_CACACAATCTCGTATT-8,3.280808565,2.254698957,0,1
p15_CACACCTGTCTGCCAG-6,0,0,0,1
p15_CACACCTTCATCGGAT-7,2.844579794,0,0,0
p15_CACACCTTCCAGTATG-6,0,0,0,0
p15_CACACCTTCGGTCTAA-5,0,0,0,1
p15_CACACCTTCGTCTGAA-8,0,0,4.324993706,0
p15_CACACTCAGGATGGTC-6,0,0,0,1
p15_CACACTCAGGGCACTA-7,0,0,0,1
p15_CACACTCCACGAGGTA-6,2.152292613,2.152292613,0,0
p15_CACACTCCATCGGGTC-7,0,0,0,0
p15_CACACTCGTACAAGTA-7,0,0,0,0
p15_CACACTCGTTGTCTTT-6,0,0,0,1
p15_CACACTCTCCCTAACC-6,0,0,3.664146441,0
p15_CACACTCTCGAACGGA-6,0,0,2.068235239,0
p15_CACACTCTCGATGAGG-6,0,2.076733762,0,1
p15_CACAGGCAGATCCCGC-8,2.283856371,0,0,0
p15_CACAGGCGTCCAGTGC-5,0,0,0,0
p15_CACAGGCGTGTCAATC-6,3.354256336,0,0,0
p15_CACAGGCTCATGGTCA-5,0,2.508515888,0,1
p15_CACAGTACACGAGGTA-6,0,0,0,1
p15_CACAGTACATGGTAGG-8,0,2.254698957,0,0
p15_CACAGTAGTAAGTTCC-7,0,0,0,1
p15_CACAGTAGTAGGGACT-8,2.114243998,0,0,1
p15_CACAGTAGTGACTCAT-8,0,0,0,1
p15_CACAGTATCTGTCTCG-7,0,0,0,0
p15_CACAGTATCTTAGCCC-5,0,0,0,1
p15_CACATAGGTACTTCTT-7,1.966592151,0,0,1
p15_CACATAGGTTGAGTTC-5,0,0,0,1
p15_CACATTTAGGGATACC-7,4.306369621,0,0,1
p15_CACATTTCACTTCGAA-8,0,0,0,0
p15_CACATTTGTGAACCTT-5,0,0,2.910234901,0
p15_CACATTTGTTACTGAC-7,0,0,0,0
p15_CACCACTCAATGGACG-5,0,0,2.729592984,0
p15_CACCACTCAGATCGGA-7,3.039457212,0,2.032258176,0
p15_CACCACTCATCAGTCA-7,0,0,4.670397669,0
p15_CACCACTCATCCGTGG-6,0,0,0,0
p15_CACCACTTCACCACCT-5,0,0,3.399314278,0
p15_CACCACTTCGACAGCC-6,0,0,0,1
p15_CACCACTTCTATCGCC-7,0,0,0,1
p15_CACCAGGAGAAACGAG-6,0,0,3.272633086,0
p15_CACCAGGAGAAGCCCA-8,0,0,2.536980586,0
p15_CACCAGGCAGCCAGAA-7,0,0,0,1
p15_CACCAGGCAGCTGTAT-7,2.118739682,0,0,0
p15_CACCAGGCATGGTCAT-8,3.096199602,2.188033174,0,1
p15_CACCTTGAGCCACCTG-7,2.597497027,0,0,1
p15_CACCTTGCAGAGCCAA-6,0,0,0,1
p15_CACCTTGGTTGATTCG-8,0,0,2.335736285,0
p15_CACCTTGTCAAGGTAA-7,0,0,0,0
p15_CACCTTGTCCCAAGAT-5,0,0,3.726834698,0
p15_CACCTTGTCTGAGGGA-8,0,0,0,0
p15_CACTCCAAGATTACCC-8,0,0,1.985324118,0
p15_CACTCCAGTCCGTTAA-8,3.434955446,0,0,1
p15_CACTCCATCATCGCTC-5,0,0,0,0
p15_CACTCCATCCCTCAGT-8,0,0,2.673194862,0
p15_CAGAATCAGTGGCACA-6,0,1.951416013,0,1
p15_CAGAGAGAGACTACAA-5,3.528381512,0,0,0
p15_CAGAGAGAGGCAGTCA-6,0,0,2.925131913,0
p15_CAGAGAGCACATGACT-8,0,0,0,1
p15_CAGAGAGGTAGCTGCC-7,0,0,0,1
p15_CAGAGAGGTTGGTAAA-6,0,2.247854372,0,0
p15_CAGAGAGTCAACACAC-7,0,0,2.925966818,0
p15_CAGAGAGTCATAACCG-6,0,0,2.82347863,0
p15_CAGATCAAGAATGTGT-5,0,0,2.010108091,0
p15_CAGATCACAATTCCTT-5,0,0,0,0
p15_CAGATCACAGGTGCCT-6,2.502317721,1.887884645,0,1
p15_CAGATCAGTCATATCG-7,0,0,2.854549519,0
p15_CAGATCATCTACTATC-8,0,0,0,1
p15_CAGCAGCCAAGAAGAG-7,2.260062798,0,0,1
p15_CAGCAGCCATGCATGT-7,0,1.71596563,0,0
p15_CAGCAGCGTTCGGGCT-5,0,0,3.944655938,0
p15_CAGCAGCTCCGCGGTA-6,0,0,3.613646161,0
p15_CAGCAGCTCTTGTCAT-7,0,0,0,1
p15_CAGCATAAGATCTGAA-8,0,0,2.541279613,0
p15_CAGCATAAGCCGCCTA-7,0,0,0,0
p15_CAGCATAAGTACCGGA-5,0,0,2.23881744,0
p15_CAGCATAAGTGGCACA-8,0,0,0,0
p15_CAGCATAGTCTAAAGA-7,0,0,3.521664885,0
p15_CAGCATATCACAGTAC-6,0,0,0,1
p15_CAGCATATCTAACTTC-7,1.654776143,0,0,0
p15_CAGCCGAAGAAACCAT-8,0,0,0,1
p15_CAGCCGACAATGTAAG-8,0,0,0,1
p15_CAGCCGATCCGCAGTG-6,0,0,0,1
p15_CAGCCGATCGGCTACG-6,0,0,0,0
p15_CAGCGACCAGGCGATA-6,0,0,0,0
p15_CAGCGACCATAGACTC-6,0,0,0,1
p15_CAGCGACCATGACATC-7,0,0,0,0
p15_CAGCGACCATGGTTGT-8,0,0,4.610561446,0
p15_CAGCGACTCATGTCTT-8,2.37370488,0,0,1
p15_CAGCGACTCGGCGCTA-5,0,0,0,0
p15_CAGCTAAAGAGTGAGA-7,0,0,0,1
p15_CAGCTAACAGTCAGCC-6,0,0,0,0
p15_CAGCTAACATCGGAAG-7,0,0,0,1
p15_CAGCTAAGTCAATGTC-6,0,2.195803618,0,1
p15_CAGCTAAGTCGGATCC-5,0,0,2.132383105,0
p15_CAGCTAAGTTAAGATG-5,3.373288357,1.057195326,0,0
p15_CAGCTAATCCGATATG-6,0,0,0,1
p15_CAGCTGGAGCTAACAA-8,0,0,0,1
p15_CAGCTGGAGTATCTCG-5,1.501128687,0,1.501128687,1
p15_CAGCTGGCACCAGGCT-6,5.087235953,0,0,0
p15_CAGCTGGGTCTTCTCG-5,0,0,0,0
p15_CAGCTGGTCCTCGCAT-8,0,0,2.641149137,0
p15_CAGGTGCAGCTTATCG-5,0,1.857142228,0,0
p15_CAGGTGCCATTAGGCT-5,0,0,3.824597155,0
p15_CAGGTGCGTCCCTTGT-8,0,0,0,1
p15_CAGGTGCTCATTATCC-8,0,0,0,0
p15_CAGTAACAGAGTACCG-5,0,1.818935055,0,1
p15_CAGTAACAGCGTTGCC-6,0,0,3.315741168,0
p15_CAGTAACCACTATCTT-5,0,0,0,0
p15_CAGTAACTCATGTAGC-6,0,0,2.357960951,0
p15_CAGTCCTAGACAAAGG-7,0,0,3.877375603,0
p15_CAGTCCTAGATGAGAG-7,1.996789609,0,0,0
p15_CAGTCCTCAATAGCAA-6,0,0,2.949378825,0
p15_CAGTCCTCAGTAAGCG-7,0,0,2.969608415,0
p15_CAGTCCTTCAAAGTAG-7,0,0,0,0
p15_CAGTCCTTCCTAAGTG-7,0,0,2.080404638,0
p15_CATATGGAGTGGTAAT-8,0,2.369301473,0,1
p15_CATATGGGTATAATGG-6,0,0,2.646611574,1
p15_CATATGGTCCTGCAGG-5,2.942829892,2.301056522,0,1
p15_CATATTCAGCAATATG-6,0,0,3.180516846,0
p15_CATATTCAGCAGATCG-5,0,0,2.35277883,0
p15_CATATTCAGGATTCGG-5,0,0,0,1
p15_CATATTCAGGCTAGAC-7,0,2.546684009,0,1
p15_CATATTCCAATGGAAT-5,0,0,2.187330504,0
p15_CATATTCGTATATGGA-8,0,0,0,0
p15_CATATTCGTCACCCAG-6,3.718789583,0,0,0
p15_CATATTCTCTAACTTC-7,0,0,0,0
p15_CATATTCTCTGCTGCT-6,0,0,4.046200257,0
p15_CATCAAGAGCCCAACC-7,0,0,0,0
p15_CATCAAGCAAGCGCTC-6,0,1.86493827,1.86493827,1
p15_CATCAAGCAAGCTGAG-5,3.235302663,1.772034964,0,0
p15_CATCAAGTCAGTTCGA-7,0,0,0,1
p15_CATCAAGTCCGTAGTA-7,0,0,0,1
p15_CATCAAGTCGCAAACT-7,3.752401265,0,0,0
p15_CATCAGAAGAGTGACC-8,0,0,2.57872086,0
p15_CATCCACAGAGGGATA-7,0,0,3.563034105,0
p15_CATCCACAGTGGACGT-8,0,0,4.207323046,0
p15_CATCCACCAAACGCGA-6,0,0,1.969505184,0
p15_CATCCACCATTATCTC-8,3.149372619,0,0,0
p15_CATCCACGTGCGATAG-6,0,0,0,0
p15_CATCCACGTGGCCCTA-7,0,0,4.070959394,0
p15_CATCCACTCTGTCTAT-7,2.933516083,0,0,1
p15_CATCGAAAGACCACGA-8,0,0,3.01777723,0
p15_CATCGAAGTACGACCC-5,2.956551669,0,0,1
p15_CATCGAAGTTCACGGC-7,0,0,0,0
p15_CATCGGGAGACCTAGG-6,3.031755401,0,0,0
p15_CATCGGGCACAACGTT-7,0,0,0,1
p15_CATCGGGCACGACGAA-7,3.164450767,0,0,0
p15_CATCGGGTCCAGATCA-5,0,0,0,1
p15_CATCGGGTCTTAACCT-5,0,0,0,1
p15_CATGACAAGACGCAAC-6,0,0,0,0
p15_CATGACACACATCTTT-8,3.773982984,3.379932693,0,0
p15_CATGACACAGCTCGCA-5,0,1.572108539,2.521751279,1
p15_CATGACAGTGGTAACG-5,3.963865964,0,0,1
p15_CATGCCTAGCTGCCCA-7,0,0,3.325383136,0
p15_CATGCCTCATCACCCT-8,0,0,0,1
p15_CATGCCTTCGTCTGCT-8,0,0,3.41482953,0
p15_CATGCCTTCTCTGTCG-6,0,0,2.745130316,0
p15_CATGCCTTCTGGTATG-7,0,0,0,0
p15_CATGGCGAGCTCCTCT-8,0,1.225075804,0,0
p15_CATGGCGCAGGGTACA-6,0,0,3.254896945,0
p15_CATGGCGCATACGCCG-5,0,0,0,0
p15_CATGGCGGTAGAGTGC-5,1.947540491,0,2.304296882,0
p15_CATGGCGGTATAGTAG-5,0,0,3.847411087,0
p15_CATGGCGGTCAAAGCG-7,2.893967863,2.254698957,0,1
p15_CATGGCGTCAACACCA-8,1.978849357,0,0,0
p15_CATGGCGTCCCGACTT-8,0,0,0,1
p15_CATTATCAGATGTGGC-6,0,0,3.039457212,0
p15_CATTATCAGGGCTTCC-5,0,1.695685016,0,1
p15_CATTATCAGTCTCAAC-7,2.358827805,0,0,1
p15_CATTATCCAGCAGTTT-7,3.622469115,2.955687906,0,1
p15_CATTATCCAGTGAGTG-6,0,0,0,0
p15_CATTATCGTTCCGGCA-5,0,0,0,0
p15_CATTATCTCCTTGCCA-7,0,0,3.746121726,0
p15_CATTCGCCAATGTAAG-5,4.316285124,2.127157677,0,1
p15_CATTCGCCACATAACC-8,0,0,3.558383792,0
p15_CATTCGCGTGATGTGG-5,4.239729186,0,0,1
p15_CATTCGCTCCCTAACC-7,3.247738045,0,0,0
p15_CCACCTAAGAGGACGG-7,0,2.10659656,0,1
p15_CCACCTAAGATGTTAG-8,0,0,0,1
p15_CCACCTAAGGATCGCA-5,0,2.917376674,0,1
p15_CCACCTACACACATGT-7,1.821970676,0,1.821970676,0
p15_CCACCTACACACTGCG-6,0,0,2.970485622,0
p15_CCACCTAGTGCCTTGG-7,0,0,0,1
p15_CCACCTAGTTCCATGA-5,0,0,2.031682158,0
p15_CCACCTAGTTGAACTC-8,2.294614069,0,0,1
p15_CCACCTATCAAGGCTT-6,0,2.009548487,0,1
p15_CCACGGACACCACCAG-6,3.885092283,0,0,0
p15_CCACGGACATGGTTGT-7,0,0,3.395823681,0
p15_CCACGGAGTCACCCAG-5,0,0,0,0
p15_CCACGGAGTCGGCTCA-7,0,0,0,0
p15_CCACGGATCACAAACC-6,0,0,3.176840742,0
p15_CCACGGATCATGTGGT-8,2.188033174,0,0,1
p15_CCACGGATCCTATGTT-8,0,0,0,0
p15_CCACTACAGTCAATAG-8,0,0,0,1
p15_CCACTACCATACTACG-6,0,0,0,1
p15_CCAGCGAAGAAGGCCT-5,0,0,2.598072446,1
p15_CCAGCGAAGAGTGAGA-5,0,2.902878162,0,0
p15_CCAGCGAGTAACGACG-5,2.653948731,0,0,0
p15_CCAGCGATCATAAAGG-5,0,0,0,0
p15_CCATGTCCAGATCGGA-6,0,0,0,0
p15_CCATGTCCAGTGGGAT-5,0,2.581539514,2.961462023,0
p15_CCATGTCGTGACTACT-7,0,0,0,0
p15_CCATGTCGTGGTTTCA-6,0,0,0,0
p15_CCATGTCTCCAGAAGG-5,0,0,2.92457574,0
p15_CCATTCGAGGGTGTTG-7,0,0,0,1
p15_CCATTCGCAGGCGATA-6,0,0,0,0
p15_CCATTCGTCGCGGATC-7,0,0,0,0
p15_CCCAATCAGCTCCTCT-7,3.553536467,0,1.562501233,0
p15_CCCAATCCACAAGACG-6,0,0,0,0
p15_CCCAATCGTAGCGTGA-8,2.867757436,0,0,0
p15_CCCAATCGTATAAACG-5,0,0,3.142278676,1
p15_CCCAATCGTGCTCTTC-8,0,0,0,1
p15_CCCAATCTCTCAAGTG-7,0,0,0,1
p15_CCCAATCTCTCCTATA-5,0,2.650884042,0,1
p15_CCCAGTTAGCTGCAAG-7,0,0,0,0
p15_CCCAGTTGTACGACCC-7,0,0,0,0
p15_CCCAGTTGTCTTCAAG-6,0,0,0,0
p15_CCCAGTTGTGAAGGCT-5,0,0,3.035991176,0
p15_CCCATACGTTAGGGTG-8,0,0,0,1
p15_CCCTCCTAGTGCAAGC-5,0,0,2.72380894,0
p15_CCCTCCTCACATAACC-7,0,0,3.747333899,0
p15_CCCTCCTGTTCTGAAC-5,3.097965217,1.838676022,0,1
p15_CCCTCCTTCCTACAGA-7,0,0,0,0
p15_CCCTCCTTCCTAGGGC-7,0,0,0,0
p15_CCCTCCTTCGGGAGTA-5,0,1.639544898,0,1
p15_CCGGGATAGACAAGCC-6,0,0,0,1
p15_CCGGGATAGGCCATAG-7,0,0,0,0
p15_CCGGGATAGTGGTAAT-8,0,1.551273088,0,1
p15_CCGGGATCAAGACACG-8,0,0,0,0
p15_CCGGGATCATGGTTGT-5,0,0,0,1
p15_CCGGGATGTGTAACGG-7,4.175963936,2.198648065,0,1
p15_CCGGGATTCGGCTTGG-8,2.102800657,0,0,1
p15_CCGGGATTCTCAAGTG-6,0,0,0,0
p15_CCGGTAGAGATGTCGG-8,0,2.573111154,0,1
p15_CCGGTAGCAAATCCGT-6,0,0,3.636758889,0
p15_CCGGTAGTCAAGGTAA-8,0,0,3.529207255,0
p15_CCGGTAGTCACATAGC-5,0,0,3.298382574,0
p15_CCGGTAGTCTGCAGTA-8,0,0,0,0
p15_CCGGTAGTCTTGTCAT-6,3.355780967,0,0,1
p15_CCGTACTAGAGCTATA-6,0,0,0,0
p15_CCGTACTGTCATGCCG-8,0,2.334893336,0,0
p15_CCGTGGAAGAGACTTA-6,0,0,3.413881855,0
p15_CCGTGGAGTGCAACGA-5,0,0,0,0
p15_CCGTTCATCGAATGCT-6,1.815481354,0,0,0
p15_CCTAAAGCAGTTCCCT-6,0,0,0,0
p15_CCTAAAGCATGAAGTA-8,0,0,0,1
p15_CCTACACAGAGCTGGT-5,0,0,2.381244722,0
p15_CCTACACAGCCCGAAA-7,0,0,3.651267203,0
p15_CCTACACAGTAGTGCG-8,0,1.962374992,0,1
p15_CCTACACGTTCCCGAG-5,3.525390436,1.539659803,0,1
p15_CCTACACTCGCCAGCA-7,3.99444932,0,0,1
p15_CCTACCAAGAAACCTA-5,0,0,0,1
p15_CCTACCACAGCCAGAA-7,0,0,0,1
p15_CCTACCACAGGACGTA-7,0,0,0,0
p15_CCTACCATCAATCACG-8,2.373410591,0,0,0
p15_CCTACCATCACATACG-5,0,0,3.984724033,0
p15_CCTACCATCACCAGGC-7,0,0,0,0
p15_CCTACCATCACCGTAA-6,1.934005247,0,0,1
p15_CCTACCATCTTGTATC-7,0,0,0,1
p15_CCTAGCTAGACCTTTG-5,2.773996094,0,0,1
p15_CCTAGCTCACGTGAGA-5,0,0,2.805052906,0
p15_CCTAGCTGTATCAGTC-8,0,0,0,1
p15_CCTATTAGTGATGATA-6,2.879576065,2.241067215,0,1
p15_CCTATTATCCTGCTTG-7,0,0,0,0
p15_CCTATTATCTCTTGAT-7,0,0,0,0
p15_CCTCAGTCAAGCGATG-7,4.382235129,0,0,1
p15_CCTCAGTCAGCTTCGG-7,0,0,0,0
p15_CCTCAGTGTAAATGTG-6,0,0,3.793938621,0
p15_CCTCTGACAATCGGTT-8,0,0,2.988509521,0
p15_CCTCTGATCAGATAAG-6,0,0,0,1
p15_CCTTACGAGGCAGGTT-8,2.614928884,1.992401377,0,1
p15_CCTTACGCATCACGTA-7,0,2.398349942,0,0
p15_CCTTACGGTGATAAAC-5,2.86645386,0,0,1
p15_CCTTCCCCACCTCGTT-7,0,0,0,1
p15_CCTTCCCTCCTTGACC-8,0,0,3.709677602,0
p15_CCTTCCCTCTTAACCT-8,0,0,0,0
p15_CCTTCGAAGAAACGAG-7,3.134117858,0,2.281090349,1
p15_CCTTCGAAGTCGTACT-5,0,0,0,0
p15_CCTTCGAAGTGTACGG-7,0,0,0,0
p15_CCTTCGAGTCTCACCT-7,0,0,0,1
p15_CCTTCGAGTGATAAAC-7,0,0,0,1
p15_CCTTCGATCATCGGAT-5,0,0,0,0
p15_CCTTCGATCTTGTCAT-8,0,0,0,1
p15_CCTTTCTAGGAGTCTG-8,4.299974303,0,0,1
p15_CGAACATAGAGTGACC-6,0,2.019684599,0,1
p15_CGAACATAGATCCTGT-8,0,0,2.765120428,0
p15_CGAACATTCCAGAGGA-5,0,0,3.418391879,0
p15_CGAATGTCAATCCGAT-8,0,0,0,0
p15_CGAATGTGTATAGGTA-8,1.737627192,0,0,1
p15_CGACCTTAGATTACCC-6,5.222305779,0,0,0
p15_CGACCTTAGCCAGGAT-8,3.813019566,0,0,0
p15_CGACCTTAGCGTCAAG-7,0,0,0,0
p15_CGACCTTCAGGTCGTC-6,0,0,0,0
p15_CGACCTTGTACCATCA-6,0,0,3.057954473,0
p15_CGACCTTGTATAGGTA-6,2.475372264,0,2.273043491,1
p15_CGACCTTGTATCGCAT-7,0,0,0,1
p15_CGACCTTGTTACAGAA-6,2.439839912,1.830275141,0,1
p15_CGACCTTGTTCGGCAC-7,3.286471304,0,2.006477972,1
p15_CGACCTTGTTGCGCAC-7,0,0,0,0
p15_CGACTTCAGATGAGAG-7,3.383135174,0,0,1
p15_CGACTTCCACACATGT-5,0,0,2.570877496,0
p15_CGACTTCCAGCTTAAC-5,0,0,0,0
p15_CGACTTCGTACTCTCC-5,3.004011276,0,0,1
p15_CGACTTCTCAAGGTAA-8,0,0,2.201502659,0
p15_CGAGAAGAGCCAACAG-7,0,0,0,0
p15_CGAGAAGAGTTGTAGA-5,0,0,0,0
p15_CGAGAAGGTTACTGAC-5,4.336920713,1.986408641,0,1
p15_CGAGAAGTCAACACTG-5,0,0,3.329917144,0
p15_CGAGAAGTCGGATGGA-8,0,0,0,0
p15_CGAGCACAGGTAGCTG-6,0,0,2.665071992,0
p15_CGAGCACCAAGACACG-8,3.193126579,2.173405588,0,0
p15_CGAGCACCATTCTTAC-5,0,1.484811782,2.419692661,1
p15_CGAGCACGTCCCTACT-8,0,0,3.205911327,0
p15_CGAGCACGTCCTGCTT-7,0,0,0,1
p15_CGAGCCAAGAAGGCCT-7,3.354983689,0,0,1
p15_CGAGCCACAAATCCGT-6,4.184416385,0,0,0
p15_CGAGCCAGTAGCTCCG-5,4.299924504,2.31122553,0,1
p15_CGAGCCAGTCTAACGT-6,0,0,0,1
p15_CGAGCCAGTTATTCTC-7,4.076388713,1.696776033,0,0
p15_CGAGCCATCGTCCGTT-6,0,0,3.41482953,0
p15_CGATCGGAGCAACGGT-8,4.383784557,1.895054541,0,1
p15_CGATCGGGTAGATTAG-6,0,0,0,1
p15_CGATCGGGTTGGAGGT-7,0,0,3.898110245,0
p15_CGATCGGTCATTATCC-5,0,0,3.02009202,0
p15_CGATCGGTCGCTAGCG-7,0,0,2.833213344,0
p15_CGATGGCCAATGAAAC-6,0,0,0,0
p15_CGATGGCCATAGGATA-7,0,0,0,0
p15_CGATGGCCATGGGACA-7,0,0,0,0
p15_CGATGGCGTTCGTCTC-8,0,0,0,0
p15_CGATGTACAATCACAC-8,0,0,1.685584621,1
p15_CGATGTACAGAAGCAC-7,0,0,0,0
p15_CGATGTACAGCTGTTA-5,0,0,3.056023427,0
p15_CGATGTACAGGTGGAT-8,0,2.429391022,0,1
p15_CGATGTATCGGGAGTA-8,2.779175741,0,1.797616736,0
p15_CGATTGACAAACAACA-5,0,0,0,1
p15_CGATTGACACATGGGA-7,0,0,2.042700972,0
p15_CGATTGAGTCGCTTTC-7,0,0,0,0
p15_CGATTGATCTTACCGC-8,0,0,0,1
p15_CGCCAAGAGCCACCTG-6,0,0,3.679082586,0
p15_CGCCAAGCATACGCTA-5,0,2.57900231,0,1
p15_CGCCAAGGTAACGTTC-5,0,0,0,0
p15_CGCCAAGTCTCGAGTA-5,0,0,3.574929587,0
p15_CGCGGTAAGCCAACAG-5,0,2.043870076,0,1
p15_CGCGGTAAGTCATCCA-8,3.345412005,2.314917494,0,0
p15_CGCGGTAGTTATGCGT-8,3.33839648,0,0,0
p15_CGCGGTAGTTGGAGGT-8,0,0,0,1
p15_CGCGGTATCACGCGGT-7,4.511849018,0,0,0
p15_CGCGGTATCCCTCTTT-5,0,0,0,0
p15_CGCGTTTAGACAATAC-7,1.85942656,1.85942656,0,1
p15_CGCGTTTAGACCTAGG-6,0,0,0,0
p15_CGCGTTTCAGCTCGCA-5,0,0,0,1
p15_CGCGTTTGTCTGCAAT-8,4.572225768,2.686478568,0,1
p15_CGCGTTTGTGAGTATA-8,0,0,1.633547241,0
p15_CGCGTTTGTGGAAAGA-6,3.588343721,1.507939083,0,0
p15_CGCGTTTGTTCACCTC-8,4.011860158,0,0,1
p15_CGCGTTTGTTCCGGCA-8,3.451077464,0,0,0
p15_CGCGTTTTCGTCGTTC-6,1.831815369,1.831815369,0,1
p15_CGCTATCCACCCAGTG-5,0,0,0,0
p15_CGCTGGAAGTTACCCA-6,0,0,0,0
p15_CGCTGGACAAAGGTGC-8,4.502979245,0,0,0
p15_CGCTGGACATGCCACG-7,0,0,3.571563574,0
p15_CGCTGGAGTGTCCTCT-8,3.93920683,0,0,0
p15_CGCTGGATCAATCTCT-6,0,0,0,0
p15_CGCTGGATCACCGTAA-6,2.6858414,0,0,1
p15_CGCTGGATCCATGCTC-5,0,0,3.018239716,0
p15_CGCTTCAAGACAAAGG-8,0,0,3.127210032,0
p15_CGCTTCAAGCAACGGT-6,0,0,0,0
p15_CGCTTCACAGGGTATG-6,0,0,0,0
p15_CGCTTCAGTCATCCCT-7,0,0,0,1
p15_CGCTTCAGTTGGTAAA-8,3.027539295,2.021387083,0,1
p15_CGCTTCATCCTTAATC-7,4.824724291,2.165849455,0,1
p15_CGCTTCATCGTTACAG-5,0,0,0,1
p15_CGGACACAGAAGGGTA-8,0,0,0,0
p15_CGGACACAGGTGATTA-6,2.256993401,0,0,1
p15_CGGACACCACAACTGT-5,0,0,0,1
p15_CGGACGTAGCGGCTTC-8,2.007872129,0,0,1
p15_CGGACGTCATGCCACG-7,0,0,0,1
p15_CGGACGTGTAGGGACT-5,5.297200535,0,0,1
p15_CGGACTGCATAAGACA-6,0,0,0,1
p15_CGGACTGTCAGCACAT-5,3.540170704,0,0,0
p15_CGGAGCTAGGGTATCG-5,0,0,0,1
p15_CGGAGCTAGGTAAACT-7,2.911877963,0,0,1
p15_CGGAGCTGTAATCACC-7,3.651267203,0,0,1
p15_CGGAGCTGTTTGGCGC-5,0,0,0,1
p15_CGGAGCTTCACATACG-8,0,0,2.933095012,1
p15_CGGAGTCAGTGAACAT-6,0,0,2.827509336,0
p15_CGGAGTCCAGGCAGTA-6,0,0,0,0
p15_CGGAGTCCAGTCAGCC-8,0,0,3.137345359,0
p15_CGGAGTCGTTCCACGG-8,0,0,0,1
p15_CGGCTAGAGAGATGAG-6,0,0,3.356257925,0
p15_CGGCTAGAGGCATTGG-5,0,0,0,0
p15_CGGCTAGAGGGAGTAA-8,0,0,0,1
p15_CGGCTAGGTCTCCACT-5,0,0,0,0
p15_CGGCTAGGTGCTAGCC-8,0,0,0,1
p15_CGGCTAGGTGGTACAG-5,0,0,2.730262835,0
p15_CGGGTCAAGGGCTTGA-5,1.910341546,0,0,0
p15_CGGGTCAAGTCGAGTG-8,0,0,0,0
p15_CGGGTCACAAGCCCAC-5,0,0,0,0
p15_CGGGTCACAGTAAGCG-8,0,0,0,0
p15_CGGGTCAGTCCTGCTT-7,0,0,2.133694896,0
p15_CGGGTCATCATATCGG-6,0,0,2.856866156,0
p15_CGGTTAACACGGATAG-5,0,0,0,0
p15_CGGTTAATCCATTCTA-7,0,0,0,0
p15_CGTAGCGCAATCACAC-7,0,0,0,1
p15_CGTAGCGCATATGGTC-8,0,0,0,0
p15_CGTAGCGGTTCCACTC-7,0,0,2.613169765,0
p15_CGTAGGCAGAGCTTCT-8,0,0,0,0
p15_CGTAGGCAGCTGCAAG-5,0,0,0,1
p15_CGTAGGCCAGTATAAG-5,0,0,2.431281163,1
p15_CGTAGGCGTTGTCTTT-5,3.366060785,1.885984388,0,0
p15_CGTCACTCACGAGAGT-7,0,0,0,0
p15_CGTCACTCATGCCACG-7,0,0,0,0
p15_CGTCACTGTAATAGCA-7,0,0,0,1
p15_CGTCACTGTAGGCATG-6,0,0,2.937455623,0
p15_CGTCACTGTCCGTCAG-5,0,2.228400641,0,1
p15_CGTCACTTCAACACAC-8,0,1.759581399,0,1
p15_CGTCAGGAGAGCCCAA-5,0,0,0,0
p15_CGTCAGGCAGTCCTTC-7,2.361433827,0,0,0
p15_CGTCAGGGTAACGACG-5,0,0,0,1
p15_CGTCAGGTCGAGGTAG-8,0,0,4.515568624,0
p15_CGTCCATGTAATCGTC-6,0,0,0,0
p15_CGTCCATGTCCAGTTA-7,0,2.265849411,0,1
p15_CGTCCATGTGATGATA-5,0,2.021103073,0,1
p15_CGTCCATTCAGCTCGG-5,0,0,0,0
p15_CGTCCATTCCAGATCA-7,0,0,0,0
p15_CGTCCATTCGTTACAG-8,0,0,0,1
p15_CGTCTACAGAAGGTTT-8,0,0,0,0
p15_CGTCTACAGAGTAAGG-5,3.177574788,0,0,1
p15_CGTCTACAGGGCTCTC-6,0,0,0,1
p15_CGTCTACCATCATCCC-7,0,2.177557569,0,1
p15_CGTCTACGTTAGGGTG-7,0,0,0,0
p15_CGTCTACTCTTAACCT-5,0,0,0,1
p15_CGTGAGCCACGCCAGT-8,0,0,0,1
p15_CGTGAGCCACGGCGTT-5,2.782013863,0,0,0
p15_CGTGAGCCAGGTGGAT-8,0,0,3.016391187,0
p15_CGTGAGCCATCTGGTA-6,0,0,1.973495697,1
p15_CGTGAGCTCGAATGCT-6,0,0,0,1
p15_CGTGAGCTCGTTACGA-6,0,0,2.774230874,0
p15_CGTGAGCTCTAGCACA-5,2.344213548,0,0,1
p15_CGTGTAAAGATCCCGC-8,0,0,0,1
p15_CGTGTCTAGCGATGAC-8,0,0,0,0
p15_CGTGTCTAGTACGCGA-8,0,0,0,0
p15_CGTGTCTAGTCGTTTG-7,0,2.424684239,0,1
p15_CGTGTCTTCCATGAAC-8,4.80900027,0,0,0
p15_CGTGTCTTCGTCTGCT-5,0,2.511632017,0,0
p15_CGTTAGACAAGCCATT-6,0,0,3.083835523,1
p15_CGTTCTGCACTGTCGG-7,4.380502687,0,0,1
p15_CGTTCTGGTCTCAACA-5,0,0,0,1
p15_CGTTCTGGTGCACTTA-8,0,0,3.078481558,0
p15_CGTTCTGGTTCCACGG-5,0,0,0,0
p15_CGTTCTGTCTCATTCA-7,2.509553329,0,0,0
p15_CGTTGGGAGGAGTAGA-7,1.183418649,1.183418649,0,0
p15_CGTTGGGAGTTTCCTT-7,0,0,0,1
p15_CGTTGGGCAGCGTAAG-6,0,0,0,0
p15_CGTTGGGGTAAACGCG-5,0,0,0,1
p15_CGTTGGGGTGACGCCT-7,0,0,2.187330504,1
p15_CGTTGGGTCCAGAGGA-7,0,0,0,1
p15_CTAACTTAGCCACTAT-5,0,0,0,0
p15_CTAACTTAGTTGTAGA-7,0,0,3.194621494,0
p15_CTAACTTGTAGATTAG-7,0,0,3.284099043,0
p15_CTAACTTGTCAGTGGA-6,0,0,3.915852627,0
p15_CTAACTTGTCATGCCG-7,0,0,0,1
p15_CTAACTTGTTAGGGTG-6,0,0,0,1
p15_CTAACTTTCCTTTACA-8,0,0,0,0
p15_CTAACTTTCGTGGGAA-5,0,0,0,0
p15_CTAACTTTCTCTGAGA-5,2.291411792,0,0,0
p15_CTAAGACAGCTGATAA-5,1.936540404,1.936540404,0,1
p15_CTAAGACAGTGTTGAA-8,0,0,0,1
p15_CTAAGACGTAAGGATT-7,0,0,2.099651412,0
p15_CTAAGACGTGGTCCGT-8,1.913043341,0,0,0
p15_CTAAGACTCTCCAGGG-6,0,0,0,1
p15_CTAAGACTCTCTGCTG-5,0,0,3.103536609,0
p15_CTAATGGGTGGTCCGT-8,0,1.498424821,0,1
p15_CTAATGGTCTCATTCA-5,4.573919546,0,0,0
p15_CTACACCAGGTGTGGT-6,0,0,2.855321062,0
p15_CTACACCAGTAGATGT-7,0,2.27558633,0,0
p15_CTACACCAGTGGTAGC-5,0,0,2.236573916,0
p15_CTACACCCACCAGCAC-5,0,0,2.904507783,0
p15_CTACACCTCATTTGGG-8,0,0,0,0
p15_CTACACCTCCAGAGGA-8,0,0,0,0
p15_CTACATTCAGCTGTAT-7,0,0,3.298633666,0
p15_CTACATTCATCTGGTA-5,0,0,0,1
p15_CTACATTCATGGTCAT-7,0,0,3.039772963,0
p15_CTACATTCATGTCTCC-7,0,0,2.441274894,0
p15_CTACATTGTAGCTCCG-6,0,0,0,1
p15_CTACATTGTCCAGTTA-7,0,0,0,0
p15_CTACCCAAGTAGCGGT-7,0,0,3.417678324,0
p15_CTACCCAAGTGTCTCA-5,3.845169067,0,0,0
p15_CTACCCACATGAAGTA-7,0,0,0,0
p15_CTACCCACATGCCTTC-8,0,0,3.434540363,0
p15_CTACCCAGTTGGAGGT-7,0,0,2.396079072,0
p15_CTACCCATCAGCTCTC-8,0,0,2.913853619,0
p15_CTACGTCAGCTGTTCA-5,0,1.360604875,1.360604875,1
p15_CTACGTCCATGGTTGT-8,0,0,0,0
p15_CTACGTCGTAGCGATG-5,0,0,0,0
p15_CTACGTCGTAGCTAAA-6,0,0,0,0
p15_CTAGAGTCAAGCTGGA-7,3.187171068,0,0,1
p15_CTAGAGTCATGAGCGA-5,0,1.608478603,3.805489876,1
p15_CTAGAGTCATTGGGCC-7,2.943681403,0,0,0
p15_CTAGCCTAGTGCCAGA-5,0,0,0,0
p15_CTAGCCTCACGCCAGT-8,0,1.878432035,0,1
p15_CTAGCCTGTCAACTGT-8,0,0,2.204367465,1
p15_CTAGCCTTCTGTGCAA-6,0,0,0,0
p15_CTAGTGAGTAGCTCCG-5,0,0,0,0
p15_CTAGTGATCAGCATGT-7,0,0,0,0
p15_CTAGTGATCCATGAGT-8,4.221184152,0,0,0
p15_CTAGTGATCTCAAGTG-5,0,2.468026314,0,1
p15_CTCACACCAAACTGTC-5,0,0,0,1
p15_CTCACACCAAAGCGGT-7,0,0,0,1
p15_CTCACACCACCATCCT-8,0,0,2.539127394,0
p15_CTCACACGTAGCACGA-8,0,0,0,1
p15_CTCACACGTTCACGGC-5,0,0,0,1
p15_CTCACACTCGAGAACG-7,0,0,0,0
p15_CTCACACTCGTGGACC-8,0,0,0,0
p15_CTCAGAAAGCGTCAAG-5,0,0,0,1
p15_CTCAGAAAGGCCCTCA-7,0,0,0,0
p15_CTCAGAACACCCATGG-6,0,2.780593662,0,1
p15_CTCAGAAGTCAGAAGC-6,0,0,0,0
p15_CTCATTACAAGCTGAG-8,0,0,0,0
p15_CTCATTACACGTCTCT-6,0,0,0,0
p15_CTCATTATCATCATTC-8,0,0,3.055380654,0
p15_CTCATTATCCAGGGCT-5,4.196160089,0,0,1
p15_CTCATTATCGCAGGCT-6,0,0,0,0
p15_CTCCTAGAGATCCCGC-5,0,0,0,1
p15_CTCCTAGAGGGCATGT-6,3.492791272,0,0,0
p15_CTCCTAGCAGTATAAG-8,2.990002956,0,3.455980017,1
p15_CTCCTAGCATGTAGTC-8,0,0,2.167217965,0
p15_CTCGAAAAGATAGCAT-7,0,0,3.50429728,0
p15_CTCGAAAAGGCTATCT-8,0,0,0,1
p15_CTCGAAAGTGTTCTTT-5,2.111686554,0,0,0
p15_CTCGAGGCAGTAAGCG-5,2.668395285,0,0,1
p15_CTCGAGGCATACGCCG-8,5.197304381,0,3.043380298,0
p15_CTCGAGGCATATGAGA-7,0,0,0,0
p15_CTCGAGGTCCGCAAGC-5,2.82124723,0,0,0
p15_CTCGAGGTCTGTCTCG-8,3.892532993,0,0,1
p15_CTCGGAGCAATGGAAT-8,0,0,0,1
p15_CTCGGAGCATATACCG-5,2.436025241,0,2.811887138,0
p15_CTCGGAGGTAGGGTAC-7,0,0,3.077493523,0
p15_CTCGGAGGTCGCTTCT-6,0,0,0,0
p15_CTCGGAGGTTGTACAC-6,3.013625443,0,0,1
p15_CTCGGAGTCAACGGCC-5,0,0,0,1
p15_CTCGGAGTCACCAGGC-7,4.012570655,0,0,0
p15_CTCGGAGTCGAATCCA-8,0,0,3.132962932,0
p15_CTCGGGATCCGCGGTA-7,0,0,0,0
p15_CTCGTACAGAGTTGGC-5,3.797783491,0.984699834,0.984699834,1
p15_CTCGTACAGTAGTGCG-8,1.872818265,1.872818265,1.872818265,1
p15_CTCGTACCAGGGATTG-5,0,0,0,0
p15_CTCGTACCATTTCAGG-5,0,0,0,0
p15_CTCGTACGTTGGTGGA-8,0,0,0,1
p15_CTCGTACTCTTAGAGC-6,0,0,0,0
p15_CTCGTCAAGCTGGAAC-7,0,0,3.902175649,0
p15_CTCGTCAAGTCATGCT-8,0,0,0,0
p15_CTCGTCACATCTCGCT-7,0,0,0,1
p15_CTCTAATCAGTTTACG-7,0,0,3.806879798,0
p15_CTCTAATTCAACACCA-5,0,0,0,1
p15_CTCTAATTCAATACCG-7,0,0,0,1
p15_CTCTAATTCGGCTTGG-6,0,0,0,0
p15_CTCTAATTCTACCAGA-8,0,2.002865042,0,1
p15_CTCTACGAGAATAGGG-8,0,0,0,0
p15_CTCTACGAGACTGGGT-8,0,0,0,1
p15_CTCTACGAGGATATAC-6,4.660718812,0,0,0
p15_CTCTACGAGGGTGTTG-7,2.633919024,0,3.683483539,0
p15_CTCTACGGTGGGTCAA-7,3.081452103,0,0,1
p15_CTCTACGTCACCACCT-8,0,0,0,1
p15_CTCTACGTCCTCAACC-7,2.825466815,1.293302307,0,0
p15_CTCTACGTCTATCCTA-7,4.651256777,2.266236655,0,0
p15_CTCTGGTAGTATCTCG-7,0,0,0,0
p15_CTCTGGTGTCATATCG-5,0,0,0,0
p15_CTGAAACAGAGGTACC-6,4.321020775,0,0,0
p15_CTGAAACAGTAGCGGT-7,4.053124681,2.088418105,0,0
p15_CTGAAACCAGCCTGTG-5,0,0,0,0
p15_CTGAAACGTCTCTCTG-7,0,0,2.363175745,0
p15_CTGAAGTAGTTAGCGG-5,3.030910612,0,0,1
p15_CTGAAGTCAGCTATTG-7,3.11221429,0,0,0
p15_CTGAAGTCATCTGGTA-8,0,0,4.641363475,0
p15_CTGATAGAGACTTGAA-8,0,0,0,0
p15_CTGATAGAGTGTACTC-5,0,0,3.760907137,0
p15_CTGATAGCATACTACG-6,0,0,2.784148454,0
p15_CTGATAGGTAAGGGAA-8,0,0,3.411989378,0
p15_CTGATAGGTTGCGCAC-7,0,2.164483298,0,1
p15_CTGATAGTCAGGCCCA-5,0,0,3.561536863,0
p15_CTGATAGTCGTTACGA-6,0,0,3.494957324,0
p15_CTGATAGTCTCCTATA-8,0,0,0,0
p15_CTGATCCCACCTGGTG-7,0,0,0,1
p15_CTGATCCGTAGCCTAT-6,0,0,0,0
p15_CTGATCCGTGTTAAGA-8,0,0,0,0
p15_CTGATCCTCAACGCTA-6,0,0,0,1
p15_CTGATCCTCCGCTGTT-6,0,2.32818064,0,1
p15_CTGATCCTCTCCGGTT-5,0,0,2.813849492,0
p15_CTGCCTACATGAAGTA-8,0,0,0,0
p15_CTGCCTAGTCCTCCAT-5,4.082045396,1.231910993,0,0
p15_CTGCCTATCCTAGGGC-5,4.387102402,0,0,0
p15_CTGCCTATCTGGCGAC-7,0,0,2.95138147,0
p15_CTGCGGAAGCCGGTAA-7,4.483744359,0,0,0
p15_CTGCGGACAAGCCGCT-6,0,2.9268025,0,1
p15_CTGCGGACACTTACGA-5,0,2.179641707,0,1
p15_CTGCGGAGTACTTGAC-7,0,0,0,0
p15_CTGCTGTAGTCCATAC-7,2.999921958,0,0,1
p15_CTGCTGTGTACATCCA-8,0,0,3.411516856,0
p15_CTGCTGTGTTCTGTTT-8,0,0,0,1
p15_CTGCTGTTCAAGATCC-6,0,0,3.371068963,0
p15_CTGGTCTAGGATGTAT-7,0,0,3.479593839,0
p15_CTGGTCTAGTGGGCTA-5,2.074296107,0,0,0
p15_CTGGTCTCACCCATGG-6,3.539561492,1.128409907,2.875027086,0
p15_CTGGTCTCAGTCAGAG-6,0,2.039204269,0,1
p15_CTGGTCTCATAGGATA-5,0,0,2.851470008,0
p15_CTGGTCTCATCACGTA-5,0,0,0,1
p15_CTGGTCTCATCGGTTA-8,2.853316437,0,0,1
p15_CTGGTCTGTGCACCAC-8,0,0,3.81401,0
p15_CTGGTCTTCACGATGT-8,3.516896427,0,0,1
p15_CTGGTCTTCCTTGCCA-5,3.87396297,0,0,0
p15_CTGGTCTTCTAACGGT-5,0,2.120028905,0,1
p15_CTGTGCTAGCGTCAAG-6,0,0,0,1
p15_CTGTGCTAGGACAGAA-5,0,0,0,1
p15_CTGTGCTCACCGATAT-5,0,0,3.475033314,0
p15_CTGTGCTGTTACGGAG-8,0,0,0,0
p15_CTGTGCTTCGCATGGC-8,3.074338984,0,0,0
p15_CTGTTTAAGAGGACGG-5,0,0,0,0
p15_CTGTTTAAGGCGTACA-7,0,0,0,1
p15_CTGTTTACAGACGCTC-5,0,0,0,1
p15_CTGTTTACATACTCTT-7,4.182296357,0,0,0
p15_CTGTTTACATCCGCGA-6,0,0,0,1
p15_CTGTTTAGTGTGAATA-5,0,0,0,1
p15_CTGTTTATCCGTTGTC-8,3.416965313,0,2.489379559,0
p15_CTGTTTATCTTGTCAT-5,0,0,0,0
p15_CTTAACTAGTACGTAA-7,0,0,0,1
p15_CTTAACTGTTCGGCAC-6,0,0,0,1
p15_CTTAACTTCAGTTTGG-7,0,0,0,0
p15_CTTAGGACAGATGGGT-5,3.049871474,0,1.613933024,0
p15_CTTAGGACAGGAACGT-7,3.877044817,0,0,1
p15_CTTAGGAGTACGCTGC-6,0,0,2.694589884,1
p15_CTTAGGAGTGGTCTCG-8,0,0,0,0
p15_CTTAGGAGTTAAAGTG-6,0,0,0,1
p15_CTTAGGATCAAACGGG-8,0,0,3.333169296,0
p15_CTTAGGATCTCGAGTA-8,0,0,2.92568843,0
p15_CTTCTCTCAATAGAGT-6,0,0,2.070048535,0
p15_CTTCTCTCATAGGATA-6,0,0,3.759950701,0
p15_CTTCTCTGTAAGAGAG-5,2.108501435,2.108501435,0,1
p15_CTTCTCTGTCGGCTCA-6,0,0,0,1
p15_CTTCTCTGTTCTGTTT-7,2.624371831,0,0,1
p15_CTTGGCTAGACTGTAA-5,0,0,0,0
p15_CTTGGCTAGTTGAGTA-8,0,0,3.009034542,0
p15_CTTGGCTAGTTTGCGT-7,0,0,3.149372619,0
p15_CTTGGCTCACCCATGG-8,0,0,0,1
p15_CTTGGCTGTCGCTTTC-5,1.903265446,0,0,0
p15_CTTGGCTGTTGTGGAG-8,4.00390293,1.383675089,0,0
p15_CTTGGCTTCTGTTTGT-8,0,0,0,1
p15_CTTTGCGCACAACGTT-5,4.181781374,0,0,1
p15_CTTTGCGCAGGGTACA-8,0,0,0,1
p15_CTTTGCGGTAACGACG-7,0,2.325677435,0,0
p15_CTTTGCGGTCTGGAGA-5,0,0,2.446557568,0
p15_CTTTGCGTCGAGCCCA-6,0,0,0,1
p15_CTTTGCGTCGCACTCT-8,2.36710851,1.763574783,0,0
p15_GAAACTCAGCGATAGC-6,0,2.249370397,0,1
p15_GAAACTCGTGGCTCCA-5,0,0,0,1
p15_GAAATGAAGCAGACTG-7,0,0,2.297024042,0
p15_GAAATGAAGGTGATAT-6,3.878203066,1.375885345,0,1
p15_GAAATGACAAGACACG-5,3.135063882,0,0,1
p15_GAAATGACAGATAATG-7,0,0,3.848309366,0
p15_GAAATGACAGCTCGAC-8,0,0,3.505549637,0
p15_GAACATCCAAGCCCAC-5,3.422445655,0,0,1
p15_GAACATCTCACATACG-8,0,0,0,1
p15_GAACCTAAGTCATCCA-7,2.767913632,0,0,1
p15_GAACCTAAGTTATCGC-6,0,0,0,1
p15_GAACCTACAACACCCG-5,0,0,3.867828821,0
p15_GAACCTAGTAGCTTGT-6,0,0,0,0
p15_GAACCTATCGCCGTGA-5,0,0,0,1
p15_GAACCTATCGGCGGTT-7,5.268116853,2.165849455,0,0
p15_GAACGGAAGCTAAACA-8,0,0,0,0
p15_GAACGGATCACAGTAC-5,0,2.100909589,0,1
p15_GAACGGATCAGAGACG-7,0,0,0,0
p15_GAACGGATCGAGAACG-8,0,0,3.409157816,0
p15_GAAGCAGGTGTGAAAT-7,0,0,0,1
p15_GAAGCAGGTTGGACCC-8,0,0,0,0
p15_GAAGCAGTCCAAATGC-5,0,0,0,0
p15_GAATAAGAGCAGGTCA-7,0,0,0,0
p15_GAATAAGAGGCCCTTG-8,0,0,2.324012856,0
p15_GAATAAGAGTCGAGTG-6,0,0,3.567930534,0
p15_GAATAAGGTCAAACTC-5,0,0,0,0
p15_GAATAAGGTCAAAGCG-8,3.318944066,0,2.661348401,0
p15_GAATAAGGTTAGAACA-5,0,2.724252515,0,1
p15_GAATAAGTCAGCTCGG-6,0,3.096955876,0,1
p15_GAATAAGTCGGTTCGG-7,3.318516375,2.289815352,0,0
p15_GAATAAGTCTGTCTAT-8,0,0,3.154013264,0
p15_GAATGAAAGAAACGCC-8,0,0,2.751285703,0
p15_GAATGAAAGGTAGCTG-6,0,2.353640264,2.353640264,0
p15_GAATGAACATTTGCTT-5,3.894960121,0,0,0
p15_GAATGAATCCTTGCCA-7,0,0,0,1
p15_GACACGCAGAAGGACA-5,4.524118408,0,0,1
p15_GACACGCAGCTTTGGT-5,0,0,0,1
p15_GACACGCCAGGGATTG-8,0,0,0,0
p15_GACACGCTCAGTCCCT-5,2.795380289,2.420003764,0,1
p15_GACACGCTCCCAACGG-7,0,0,0,0
p15_GACACGCTCGACCAGC-7,0,0,3.156521822,0
p15_GACACGCTCTACCAGA-5,2.581257232,1.399564698,1.399564698,1
p15_GACAGAGAGTGCAAGC-6,0,0,0,0
p15_GACAGAGCAGTTCATG-8,0,0,3.441761278,0
p15_GACAGAGGTCGCGAAA-5,0,0,0,1
p15_GACAGAGGTTGTGGCC-6,3.705246202,0,3.378563555,0
p15_GACAGAGTCTGGGCCA-6,4.393841557,1.404878293,1.967120958,1
p15_GACCAATAGCTCCTCT-5,0,1.249380437,3.040009848,1
p15_GACCAATAGTCTTGCA-7,1.931983294,1.931983294,0,1
p15_GACCAATAGTGTTTGC-7,0,0,1.986951485,0
p15_GACCAATGTCTGCCAG-6,0,0,3.369486905,0
p15_GACCAATGTGCGAAAC-7,0,0,2.449453082,0
p15_GACCTGGAGGACCACA-5,0,0,0,0
p15_GACCTGGAGGCTCTTA-6,0,0,2.127808962,0
p15_GACCTGGCAATCACAC-8,4.136480709,0,0,0
p15_GACCTGGCAATCTACG-5,0,0,0,1
p15_GACCTGGCACCCTATC-6,4.636088043,0,0,0
p15_GACCTGGGTGCCTGGT-6,0,0,0,1
p15_GACCTGGTCAAACCGT-6,0,0,2.770481865,0
p15_GACCTGGTCCCTTGTG-5,0,0,2.598072446,0
p15_GACGCGTCAAGTAATG-5,0,0,0,0
p15_GACGCGTGTCTAAAGA-5,0,0,0,1
p15_GACGCGTTCAGTTAGC-6,0,0,0,0
p15_GACGGCTAGATAGTCA-8,0,0,0,0
p15_GACGGCTAGTTGTAGA-6,0,2.213749426,0,1
p15_GACGGCTGTACCGTAT-6,0,0,0,0
p15_GACGGCTGTCACAAGG-5,0,0,0,1
p15_GACGTGCCAAGACACG-8,0,0,0,0
p15_GACGTGCGTAATAGCA-5,3.987316971,0,0,1
p15_GACGTGCGTGATGTGG-6,2.397895273,2.397895273,0,1
p15_GACGTGCTCCAGTATG-6,0,0,2.12650693,0
p15_GACGTTAAGGTCGGAT-5,0,0,2.790583336,0
p15_GACGTTACAATGTAAG-7,0,0,0,0
p15_GACGTTAGTAAACCTC-5,0,2.923464427,0,1
p15_GACGTTATCACCTTAT-5,0,0,0,0
p15_GACGTTATCTACTATC-6,0,0,0,0
p15_GACTAACAGTCCCACG-6,0,0,0,1
p15_GACTAACAGTTGTCGT-8,0,0,0,0
p15_GACTAACCAGTGGAGT-8,0,0,0,0
p15_GACTAACTCAGGTTCA-5,0,0,4.682908885,0
p15_GACTAACTCCTTCAAT-7,4.320100801,0,0,0
p15_GACTAACTCTTACCTA-6,0,0,0,1
p15_GACTACAAGTCGTTTG-8,0,0,0,1
p15_GACTACACACCTCGTT-7,0,0,0,0
p15_GACTACACACGAAGCA-8,0,0,2.708423614,0
p15_GACTACAGTCACAAGG-6,4.23254737,0,1.895775376,0
p15_GACTACAGTCACTTCC-7,0,2.427505134,0,0
p15_GACTACATCGTTACAG-8,0,0,2.124233546,0
p15_GACTGCGAGGGAAACA-5,0,0,3.677828904,0
p15_GACTGCGTCACTCTTA-8,0,0,4.223667152,0
p15_GACTGCGTCAGTCAGT-5,3.773663221,1.452140927,0,0
p15_GACTGCGTCTTGCCGT-5,0,0,2.184525994,0
p15_GAGCAGAAGTATTGGA-6,2.175478872,0,0,0
p15_GAGCAGACACCTATCC-6,0,0,0,1
p15_GAGCAGACATACTACG-7,0,1.938065634,0,1
p15_GAGCAGAGTACTCAAC-6,0,0,0,0
p15_GAGCAGATCAGCTCTC-6,0,1.969239898,0,1
p15_GAGGTGACACCTATCC-8,0,0,0,0
p15_GAGGTGACAGGCTGAA-7,0,0,3.073552052,1
p15_GAGGTGAGTACACCGC-8,0,0,0,0
p15_GAGGTGAGTAGAGGAA-7,0,0,0,1
p15_GAGGTGATCCACGACG-8,0,0,0,0
p15_GAGGTGATCCGTAGTA-7,2.280301779,2.920968991,0,1
p15_GAGGTGATCGGTTCGG-5,0,0,0,0
p15_GAGTCCGAGATCTGCT-7,4.218313236,0,0,0
p15_GAGTCCGCAAAGCGGT-7,0,0,3.554086048,0
p15_GAGTCCGCAGCTGGCT-7,0,0,0,0
p15_GAGTCCGCATGCCCGA-6,0,0,0,1
p15_GAGTCCGCATTGGGCC-6,0,0,0,1
p15_GAGTCCGGTCATACTG-7,0,0,0,0
p15_GAGTCCGTCCTTTACA-6,0,0,4.050811019,0
p15_GATCAGTGTGTTGAGG-7,0,0,1.682012982,0
p15_GATCAGTTCCAGTATG-6,0,0,0,1
p15_GATCGATAGGCTCAGA-5,0,0,0,0
p15_GATCGATAGTCTCAAC-7,0,2.111048494,0,1
p15_GATCGATCATGCATGT-7,0,1.917981012,0,1
p15_GATCGATGTTGATTCG-6,0,0,2.337002329,0
p15_GATCGATTCCTAGTGA-6,0,0,0,0
p15_GATCGCGAGGGTCTCC-8,0,0,0,1
p15_GATCGCGGTTTGACAC-5,0,0,0,1
p15_GATCGCGTCTAACGGT-5,0,0,2.766515924,0
p15_GATCGTAAGCAATCTC-5,0,0,0,0
p15_GATCGTAAGTCTCCTC-5,1.529949803,1.529949803,0,1
p15_GATCGTACACCGGAAA-7,0,0,0,1
p15_GATCGTAGTTTCGCTC-5,0,0,2.352491884,0
p15_GATCGTATCAGCTTAG-7,0,0,3.109653472,0
p15_GATCGTATCATAACCG-5,0,0,3.100831086,0
p15_GATCGTATCCTAGAAC-6,0,0,0,0
p15_GATCTAGAGCGAGAAA-8,0,0,0,1
p15_GATCTAGCATAAAGGT-7,0,0,3.498837716,0
p15_GATCTAGCATGGAATA-6,0,0,0,1
p15_GATCTAGGTGACCAAG-5,0,0,0,1
p15_GATCTAGTCAACACAC-7,5.202346804,0,0,0
p15_GATCTAGTCAACGGCC-6,0,0,2.374588373,0
p15_GATCTAGTCAGTTCGA-5,0,0,0,0
p15_GATCTAGTCGTGACAT-8,0,0,0,1
p15_GATCTAGTCTTGACGA-8,0,0,2.779884417,0
p15_GATGAAACACGGACAA-8,0,1.950898119,1.950898119,1
p15_GATGAAACACTGTCGG-7,0,2.027662086,0,1
p15_GATGAAACAGGGATTG-6,0,2.177557569,0,0
p15_GATGAAATCAGGATCT-6,0,0,0,1
p15_GATGAGGAGCGTGAGT-8,2.387057016,0,0,0
p15_GATGAGGAGGGATCTG-5,0,0,3.476551032,0
p15_GATGAGGAGTGAACGC-6,2.239566669,0,0,1
p15_GATGAGGCAGTTAACC-7,0,0,0,1
p15_GATGAGGGTAAGTAGT-6,0,1.94883011,1.94883011,1
p15_GATGAGGGTACAGTTC-7,0,0,0,0
p15_GATGAGGGTCCGAATT-8,0,0,0,0
p15_GATGAGGGTTAAGATG-7,0,0,2.976061151,0
p15_GATGAGGGTTCTGAAC-7,2.809440287,0,0,0
p15_GATGAGGTCAGGCAAG-6,0,0,0,0
p15_GATGAGGTCTGCCCTA-6,3.629140645,1.720093873,2.064020635,0
p15_GATGCTAAGAGCAATT-8,0,0,0,0
p15_GATGCTAAGGCCCTTG-8,2.015726797,2.015726797,0,1
p15_GATGCTAAGTCTCGGC-8,2.9268025,1.511509467,0,1
p15_GATGCTAGTTGGGACA-5,3.876273426,0,0,0
p15_GATGCTATCGCCGTGA-8,0,0,3.393040553,0
p15_GATGCTATCGCCTGAG-7,0,0,3.59022669,0
p15_GATGCTATCGCTGATA-8,0,0,3.951636106,1
p15_GATTCAGAGCTCTCGG-8,0,0,0,0
p15_GATTCAGGTCCTCTTG-5,3.464852334,0,0,0
p15_GATTCAGGTGTTTGTG-8,0,0,0,1
p15_GCAAACTAGCTACCTA-7,0,0,0,0
p15_GCAAACTAGCTAGGCA-8,0,0,0,0
p15_GCAAACTCACATTTCT-6,0,0,2.02651735,0
p15_GCAAACTTCATGGTCA-8,0,0,0,0
p15_GCAAACTTCGGTTCGG-5,3.424359402,0,0,1
p15_GCAATCAAGACGCACA-6,0,0,0,1
p15_GCAATCACAGAAGCAC-8,0,0,0,1
p15_GCAATCAGTATTACCG-6,0,0,0,0
p15_GCAATCAGTGTGAATA-8,0,0,0,0
p15_GCAATCATCGTCGTTC-8,0,0,1.641220422,1
p15_GCAATCATCTGGAGCC-8,3.662295823,0,0,1
p15_GCACATACAATGGATA-5,0,0,0,0
p15_GCACATATCCTGTACC-6,2.113603855,0,0,0
p15_GCACATATCGCCAAAT-6,0,0,0,0
p15_GCACATATCTTTAGTC-5,0,0,3.711233477,0
p15_GCACTCTAGAGCCTAG-5,0,0,0,0
p15_GCACTCTAGATGTCGG-8,0,0,2.751285703,0
p15_GCACTCTAGTGTTGAA-7,0,1.901325253,0,0
p15_GCACTCTCACCACCAG-6,0,0,0,0
p15_GCACTCTGTGTCCTCT-6,2.466545032,0,0,1
p15_GCACTCTGTTACAGAA-8,0,1.520104832,2.097454465,1
p15_GCACTCTTCACTATTC-7,0,0,2.849422899,0
p15_GCACTCTTCGGTCCGA-6,0,0,0,0
p15_GCAGCCAAGATGTAAC-5,0,2.554855213,0,1
p15_GCAGCCACAAAGTCAA-5,0,0,3.255695807,0
p15_GCAGCCACAATTCCTT-8,0,0,4.210224773,0
p15_GCAGCCACACAACGCC-5,0,1.966063715,2.586636504,1
p15_GCAGCCAGTAGCTCCG-6,0,0,0,0
p15_GCAGCCAGTCCTCCAT-6,0,0,0,0
p15_GCAGCCAGTCTCATCC-8,0,2.123261246,0,1
p15_GCAGCCATCACCGGGT-7,0,0,0,1
p15_GCAGCCATCCCAACGG-7,0,0,4.3697441,0
p15_GCAGCCATCCCTGACT-8,0,0,3.127557666,0
p15_GCAGCCATCCGTTGTC-5,0,0,0,1
p15_GCAGTTAAGAGGGCTT-8,0,0,0,1
p15_GCAGTTAAGAGTGAGA-8,0,0,0,0
p15_GCAGTTAAGTGATCGG-7,0,0,0,1
p15_GCAGTTAGTCGGATCC-6,1.274799518,0,0,1
p15_GCATACAAGCTTTGGT-6,2.189440372,0,0,1
p15_GCATACACACCAGGTC-6,0,0,0,1
p15_GCATACACATATACCG-7,3.138048496,0,0,1
p15_GCATACAGTTACCAGT-6,0,0,0,0
p15_GCATACATCGCCAAAT-7,0,0,0,1
p15_GCATACATCGGATGTT-7,0,0,3.884793022,0
p15_GCATACATCTCCAACC-7,0,2.291411792,0,1
p15_GCATGATTCCTCAACC-5,0,2.16927516,0,1
p15_GCATGATTCGTCCAGG-6,0,0,0,1
p15_GCATGCGAGCTAGGCA-7,3.322802157,0,0,0
p15_GCATGCGAGGGAAACA-6,0,2.191555829,0,1
p15_GCATGCGCACATTTCT-5,2.890749615,0,0,0
p15_GCATGCGCATAGTAAG-6,0,0,2.140617827,0
p15_GCATGTAGTAGCACGA-7,0,0,1.695685016,0
p15_GCATGTATCGCCCTTA-5,0,2.014599747,0,1
p15_GCATGTATCTGCAAGT-7,0,0,2.142275133,0
p15_GCATGTATCTGGTGTA-8,0,0,3.418820273,0
p15_GCCAAATAGACAAAGG-6,0,0,0,1
p15_GCCAAATTCAGTACGT-5,0,1.337363738,0,0
p15_GCCTCTAAGCTAAACA-5,1.902294714,0,0,1
p15_GCCTCTAAGTACCGGA-7,0,0,3.729972598,0
p15_GCCTCTACAAAGGCGT-8,0,0,0,1
p15_GCCTCTACAGGGTTAG-5,0,0,2.00397489,0
p15_GCCTCTACAGTTCATG-7,0,2.104696307,0,1
p15_GCCTCTACATGGAATA-7,0,0,1.720470385,0
p15_GCCTCTAGTCGGCTCA-6,0,0,3.314675982,0
p15_GCCTCTAGTCTAGTGT-7,0,0,3.214661461,0
p15_GCCTCTAGTTGGGACA-5,0,0,0,0
p15_GCCTCTATCTGCGACG-6,0,0,0,1
p15_GCGACCAAGCCCAACC-8,3.003035952,0,0,0
p15_GCGACCACAGAGTGTG-7,0,0,1.90375129,0
p15_GCGACCACATCCGTGG-8,0,0,3.459989454,0
p15_GCGACCACATGTTGAC-8,0,0,3.317021004,0
p15_GCGACCACATTCCTGC-8,0,0,4.212625244,0
p15_GCGACCAGTAAAGTCA-7,4.473029274,0,0,0
p15_GCGACCAGTAGCGTAG-5,0,0,0,0
p15_GCGACCAGTTGTACAC-8,0,0,2.643370423,0
p15_GCGAGAAAGAAACCGC-5,0,0,0,1
p15_GCGAGAACACATAACC-8,0,0,0,1
p15_GCGAGAAGTCTGGAGA-7,3.286161534,0,0,0
p15_GCGAGAATCAGCTCTC-8,4.015280809,0,0,1
p15_GCGAGAATCATAAAGG-8,0,2.307550122,0,1
p15_GCGAGAATCTTGTTTG-7,0,0,0,1
p15_GCGAGAATCTTTACGT-8,0,2.746494462,0,1
p15_GCGCAACAGGCTAGGT-5,2.233220283,1.641891797,0,0
p15_GCGCAACGTCTAGTGT-6,0,0,0,0
p15_GCGCAGTAGTCCCACG-8,0,0,0,0
p15_GCGCAGTGTTGTCGCG-8,2.771768791,0,0,0
p15_GCGCAGTTCAGTTGAC-6,0,0,2.675080182,0
p15_GCGCAGTTCCTAGGGC-6,0,0,0,0
p15_GCGCCAAGTAGAAAGG-6,0,0,1.968179685,0
p15_GCGCGATAGAGGTTGC-8,2.359695567,0,0,0
p15_GCGCGATAGTGTACGG-6,1.944711108,0,0,0
p15_GCGCGATGTCTCCCTA-5,2.774465717,1.793428083,0,1
p15_GCGGGTTCAGTGGAGT-7,0,0,3.196118838,0
p15_GCGGGTTGTAGGACAC-6,3.944514011,0,0,0
p15_GCGGGTTGTAGTACCT-6,0,0,0,1
p15_GCGGGTTGTCATCCCT-6,0,0,0,0
p15_GCGGGTTGTTGCGTTA-8,0,0,4.437525904,0
p15_GCTCCTACAGTCGATT-5,0,0,2.275978242,0
p15_GCTCCTAGTATCGCAT-8,1.826329548,2.435549624,0,1
p15_GCTCCTAGTCATCGGC-5,0,0,2.290613182,0
p15_GCTCCTATCTCACATT-5,0,0,0,0
p15_GCTCTGTAGAGTCGGT-5,2.890749615,0,0,0
p15_GCTCTGTGTCTTCAAG-7,0,0,3.879362716,0
p15_GCTCTGTTCCTCGCAT-5,0,0,2.98493531,0
p15_GCTGCAGAGACGCACA-8,0,0,0,0
p15_GCTGCAGAGTCATGCT-7,0,0,3.095443953,0
p15_GCTGCAGCAAAGTGCG-6,0,0,2.960882944,0
p15_GCTGCAGGTAGCTTGT-8,4.187250317,1.030031025,0,1
p15_GCTGCAGGTTCGCTAA-8,0,0,0,0
p15_GCTGCAGTCAAGGTAA-7,0,0,0,1
p15_GCTGCGAAGGGCTTCC-5,0,0,0,1
p15_GCTGCGAAGGTCATCT-6,0,2.091522285,0,0
p15_GCTGCGACAGGTCTCG-5,0,0,3.543426496,0
p15_GCTGCGACAGGTTTCA-5,2.681394211,1.184047721,0,0
p15_GCTGCGACATCTACGA-5,2.131073494,0,0,0
p15_GCTGCGAGTACTTAGC-7,2.966108092,0,2.966108092,1
p15_GCTGCGAGTCACTTCC-5,0,0,0,0
p15_GCTGCTTAGCCTATGT-6,0,0,2.774230874,0
p15_GCTGCTTAGGTGCACA-6,0,0,2.477468618,0
p15_GCTGCTTCAAACGTGG-7,0,2.649050408,0,0
p15_GCTGCTTCATATACGC-5,1.654433925,1.654433925,0,1
p15_GCTGCTTGTAGTACCT-8,0,0,2.836986044,0
p15_GCTGCTTGTTACGCGC-6,0,0,0,0
p15_GCTGCTTTCGCAGGCT-6,0,0,0,1
p15_GCTGGGTAGCCTTGAT-6,0,0,0,0
p15_GCTGGGTAGGATATAC-6,0,0,0,0
p15_GCTGGGTAGGGCTTGA-7,2.873253338,0,0,1
p15_GCTGGGTGTAACGACG-8,0,0,1.983159712,0
p15_GCTGGGTGTAGCGTGA-6,4.860848338,0,0,0
p15_GCTGGGTGTTACGTCA-8,0,0,0,1
p15_GCTGGGTTCGCAGGCT-7,0,0,2.618457909,0
p15_GCTTCCACAACTGCTA-8,0,0,0,1
p15_GCTTCCACAATAACGA-6,0,0,0,1
p15_GCTTCCACATGACGGA-5,0,0,0,0
p15_GCTTCCACATTGCGGC-5,2.636924243,2.012912281,0,0
p15_GCTTCCAGTGACAAAT-8,0,0,0,0
p15_GCTTCCAGTGGTAACG-6,2.584367443,0,0,1
p15_GCTTCCATCTGCGACG-7,0,0,4.09284614,0
p15_GCTTGAAAGCCACTAT-7,0,0,0,1
p15_GCTTGAAAGTACGATA-5,0,0,3.903647951,0
p15_GCTTGAACATCCAACA-6,0,0,3.541797196,0
p15_GCTTGAATCCACGTTC-7,1.522341844,0,0,1
p15_GCTTGAATCTGTTTGT-6,0,0,3.481882424,0
p15_GGAAAGCGTATAGGGC-6,0,0,0,0
p15_GGAAAGCTCAGCGATT-6,1.992401377,0,0,0
p15_GGAAAGCTCGAACGGA-6,3.302408208,0,0,1
p15_GGAACTTAGAAGGACA-8,2.210850965,0,0,0
p15_GGAACTTAGTACGTTC-6,0,0,3.249853433,0
p15_GGAACTTCAATCTGCA-8,0,0,2.925966818,0
p15_GGAACTTCACATAACC-8,0,0,0,1
p15_GGAACTTCACATCCAA-8,0,0,0,1
p15_GGAACTTGTGAGCGAT-7,0,0,3.029410703,0
p15_GGAACTTGTTGAGGTG-6,0,0,1.396353058,0
p15_GGAATAAAGAGTACAT-6,2.040950636,0,0,1
p15_GGAATAAGTCCGAACC-7,4.89619728,0,0,1
p15_GGAATAAGTCGGCATC-6,2.613169765,0,0,1
p15_GGAATAAGTGAGGCTA-6,0,0,0,1
p15_GGAATAATCGATGAGG-7,0,0,0,1
p15_GGACAAGCAATCGGTT-7,0,0,3.39049661,0
p15_GGACAAGGTCTAACGT-6,0,0,0,1
p15_GGACAGAAGAAGGTTT-5,0,0,0,0
p15_GGACAGACATTGAGCT-8,0,0,3.210314063,0
p15_GGACAGAGTGCCTTGG-6,3.26050351,0,0,1
p15_GGACATTAGATGTGGC-5,0,0,0,0
p15_GGACATTAGGTGTTAA-8,3.384052189,0,0,0
p15_GGACATTCAACTGCTA-8,0,0,0,0
p15_GGACATTCAAGGGTCA-6,0,0,4.730564631,0
p15_GGACATTCACCAGCAC-8,0,0,3.373106984,0
p15_GGACATTCAGAGCCAA-7,0,0,0,0
p15_GGACATTCAGGCAGTA-7,0,0,0,1
p15_GGACATTGTATGAATG-7,0,0,0,0
p15_GGACGTCAGTCCGGTC-6,3.983286521,1.924949273,0,0
p15_GGACGTCCAGGTGCCT-7,3.284923489,0,0,1
p15_GGACGTCCATCGGTTA-6,3.633934925,0,0,1
p15_GGACGTCGTTCAACCA-7,5.050104436,0,0,1
p15_GGACGTCTCACCAGGC-7,0,0,0,1
p15_GGACGTCTCGCGTAGC-6,0,0,0,1
p15_GGAGCAACAAACGTGG-6,0,0,0,0
p15_GGAGCAACAAAGCAAT-7,0,0,4.551522977,0
p15_GGAGCAACAATAGAGT-5,0,0,0,1
p15_GGAGCAATCATGGTCA-6,3.90391245,0,0,1
p15_GGAGCAATCCAGAGGA-7,0,0,0,0
p15_GGAGCAATCTAACGGT-8,0,0,0,0
p15_GGATGTTAGTAGGTGC-7,0,0,0,1
p15_GGATGTTAGTGTCCAT-6,0,0,3.196868423,0
p15_GGATGTTCAAACTGTC-6,0,0,0,0
p15_GGATGTTCAAGGACTG-6,0,0,0,0
p15_GGATGTTGTCCGCTGA-8,4.148407097,0,0,1
p15_GGATGTTGTCGCGGTT-6,0,0,2.730933197,0
p15_GGATGTTGTGAAGGCT-8,0,0,3.576898643,0
p15_GGATGTTGTGCTCTTC-7,0,0,0,1
p15_GGATTACTCCGTTGCT-7,0,0,0,1
p15_GGATTACTCGCAGGCT-5,0,0,0,1
p15_GGATTACTCGGTTCGG-5,0,0,0,0
p15_GGCAATTTCAGGCAAG-7,0,1.931478659,0,0
p15_GGCAATTTCTACGAGT-5,0,0,0,0
p15_GGCCGATAGTGTTAGA-7,0,2.218116828,0,1
p15_GGCCGATCAGTAAGAT-6,0,2.272457809,0,1
p15_GGCGACTAGAGTAATC-8,0,0,2.360564241,0
p15_GGCGACTAGGTGATTA-5,3.578307627,0,0,1
p15_GGCGACTAGTAAGTAC-5,0,0,0,1
p15_GGCGACTCATAAAGGT-7,2.88195867,0,0,1
p15_GGCGACTGTCCAGTTA-5,0,0,1.529949803,0
p15_GGCGACTTCACCATAG-8,0,0,1.671759198,0
p15_GGCGACTTCGAGCCCA-6,0,0,0,1
p15_GGCGACTTCGTACCGG-6,0,0,0,0
p15_GGCGTGTGTCGCTTCT-7,2.814586496,0,0,1
p15_GGCGTGTTCAGCTTAG-8,0,0,2.858672157,0
p15_GGCTCGAAGATGTTAG-5,0,0,0,0
p15_GGCTCGACAATAGCAA-5,0,0,2.20940565,0
p15_GGCTCGAGTACTTCTT-6,0,0,0,1
p15_GGCTCGATCGTGACAT-5,0,0,0,0
p15_GGCTGGTAGTGAACGC-8,0,0,3.086092262,0
p15_GGCTGGTCATCTCGCT-5,0,0,0,0
p15_GGCTGGTGTAATTGGA-6,0,0,0,0
p15_GGCTGGTTCCAGAGGA-8,0,0,0,1
p15_GGCTGGTTCCGGGTGT-8,0,0,3.248530749,0
p15_GGCTGGTTCGCGTAGC-8,2.496675564,0,0,1
p15_GGCTGGTTCGTAGGTT-8,0,2.345919509,0,1
p15_GGGAATGCAGGGTACA-5,0,0,0,0
p15_GGGAATGCATGGTCTA-6,1.912059732,1.912059732,0,1
p15_GGGAATGGTTACGTCA-6,3.743701992,0,0,1
p15_GGGAATGGTTGCGTTA-7,0,0,0,0
p15_GGGACCTAGCACCGTC-7,1.71596563,1.71596563,0,0
p15_GGGACCTAGGTGGGTT-5,0,0,0,0
p15_GGGACCTCAATGAAAC-7,0,0,0,0
p15_GGGACCTGTCAAACTC-7,0,0,3.675326488,0
p15_GGGACCTGTCCGTCAG-8,4.389598933,0,0,1
p15_GGGACCTGTGATAAAC-7,0,0,0,0
p15_GGGACCTTCTGAGTGT-5,0,0,3.258096538,0
p15_GGGAGATAGACTACAA-6,0,0,0,0
p15_GGGAGATTCCAGAAGG-5,0,0,0,0
p15_GGGAGATTCTTCCTTC-5,0,0,2.729592984,0
p15_GGGATGAAGGCCATAG-7,0,0,3.551615448,0
p15_GGGATGACAATTCCTT-5,4.236049137,0,0,0
p15_GGGATGACAGCCTATA-8,4.763343501,0,0,0
p15_GGGATGAGTATGAAAC-8,0,0,0,0
p15_GGGCACTAGGTGACCA-7,0,0,0,1
p15_GGGCACTGTCCGTGAC-6,0,0,0,0
p15_GGGCACTGTCTAGGTT-8,0,0,0,1
p15_GGGCACTGTTCACGGC-7,3.199872878,0,0,1
p15_GGGCACTGTTGTCGCG-5,0,0,0,0
p15_GGGCACTTCGGTCTAA-5,0,0,0,1
p15_GGGCATCCAGCTCGAC-6,0,0,4.656484807,0
p15_GGGCATCCAGGACCCT-8,0,0,2.14094901,0
p15_GGGCATCGTACTCTCC-8,0,0,0,1
p15_GGGCATCGTGCGGTAA-6,2.924297783,0,0,0
p15_GGGCATCTCTGCTTGC-5,2.266236655,2.266236655,0,1
p15_GGGTCTGAGAGCTGCA-5,0,0,0,1
p15_GGGTCTGAGGCCGAAT-5,0,0,0,0
p15_GGGTCTGAGGGTCGAT-5,4.750508233,0,0,1
p15_GGGTCTGCAGGCTGAA-7,0,0,0,1
p15_GGGTCTGCATATGGTC-8,0,0,0,0
p15_GGGTCTGGTACGACCC-6,4.426577207,0,0,1
p15_GGGTCTGGTAGCAAAT-6,0,0,0,0
p15_GGGTTGCCATTTGCCC-8,2.178251676,0,0,1
p15_GGGTTGCGTCCTCTTG-7,3.093766968,0,0,0
p15_GGGTTGCGTGCACGAA-7,0,0,0,1
p15_GGTATTGAGTCTCAAC-7,3.387153773,0,2.727252527,1
p15_GGTATTGAGTGTCTCA-5,3.186429331,0,0,0
p15_GGTATTGGTGTCAATC-5,0,0,2.223242305,0
p15_GGTGAAGAGATATGCA-7,0,0,0,0
p15_GGTGAAGCAACACGCC-5,0,0,0,0
p15_GGTGAAGCACCTTGTC-7,0,0,0,0
p15_GGTGAAGCAGCTGTGC-7,0,0,2.930712659,0
p15_GGTGAAGCATTCCTCG-7,0,0,0,0
p15_GGTGAAGTCTACGAGT-6,0,0,0,0
p15_GGTGAAGTCTCAAGTG-5,3.329917144,0,0,0
p15_GGTGCGTAGCTAGCCC-6,0,0,0,1
p15_GGTGCGTCAAGAGTCG-8,2.607331788,0,0,0
p15_GGTGCGTCACCGATAT-5,0,0,0,0
p15_GGTGCGTTCCCTTGTG-7,0,0,0,0
p15_GGTGCGTTCGCGCCAA-6,0,0,1.610398604,0
p15_GGTGCGTTCTTTACGT-5,0,0,0,0
p15_GGTGTTAAGACTAAGT-6,0,0,2.687116202,0
p15_GGTGTTAAGCTGGAAC-6,0,0,2.329853687,0
p15_GGTGTTACAAGGTGTG-6,2.579847212,0,0,1
p15_GGTGTTATCGTAGGTT-5,0,0,2.736314602,0
p15_GGTGTTATCTGGCGTG-7,3.274262425,0,0,1
p15_GTAACGTAGATGCGAC-7,0,0,0,0
p15_GTAACGTAGGAGCGAG-7,0,0,0,1
p15_GTAACGTTCCGTAGGC-5,0,0,4.333203575,0
p15_GTAACTGTCAACGGGA-8,0,0,0,0
p15_GTAACTGTCCTGCAGG-7,3.528863107,0,0,1
p15_GTACGTAAGTAGATGT-6,0,1.622035996,0,1
p15_GTACGTAGTTAAGATG-7,0,0,3.579154025,0
p15_GTACTCCAGAAAGTGG-7,0,0,0,0
p15_GTACTCCAGTGAATTG-8,0,0,3.436409686,0
p15_GTACTCCGTTGCTCCT-7,0,0,0,1
p15_GTACTCCTCCTGCAGG-7,0,0,0,0
p15_GTACTTTGTACTTAGC-8,0,0,1.67881432,1
p15_GTACTTTGTTCCGTCT-7,0,0,0,1
p15_GTACTTTTCTGCTGCT-7,1.74305181,1.74305181,1.74305181,1
p15_GTAGGCCAGGGCATGT-5,0,0,0,1
p15_GTAGGCCAGTCTCCTC-7,3.327453085,0,0,1
p15_GTAGGCCAGTGGTAAT-5,4.811211859,0,2.53430465,1
p15_GTAGGCCGTAATCACC-7,3.091424351,1.832917542,0,0
p15_GTAGGCCGTCGTTGTA-6,0,0,0,1
p15_GTAGGCCTCCGTAGGC-7,0,0,0,0
p15_GTAGTCACAAGCGCTC-6,0,0,3.522621478,0
p15_GTAGTCACACATGGGA-8,4.017201686,0,0,1
p15_GTAGTCACACGCGAAA-8,0,0,2.230992251,0
p15_GTAGTCATCAGAGCTT-8,0,0,0,1
p15_GTATCTTGTCCCGACA-5,4.259726621,0,0,0
p15_GTATCTTGTCCGAAGA-7,3.297737222,0,0,1
p15_GTATTCTAGTGCCAGA-6,3.180516846,2.161758018,0,0
p15_GTATTCTGTACACCGC-6,0,0,3.128253331,0
p15_GTATTCTGTTAAGAAC-6,0,0,0,0
p15_GTATTCTTCCTCAATT-6,4.722247309,2.974003,0,1
p15_GTCAAGTAGACACGAC-7,0,0,0,1
p15_GTCAAGTAGAGCCCAA-6,0,0,1.705566758,1
p15_GTCAAGTCAAACCTAC-6,0,0,2.018551708,0
p15_GTCAAGTCAGCTCGCA-7,0,0,0,1
p15_GTCAAGTTCTGGCGAC-7,3.988616061,0,0,0
p15_GTCAAGTTCTTAACCT-7,0,0,3.807836543,0
p15_GTCACAAAGACACGAC-5,0,0,3.430124207,0
p15_GTCACAAAGCGATATA-5,0,0,0,1
p15_GTCACGGCAAACGCGA-6,0,0,0,0
p15_GTCACGGGTCGCATCG-5,0,0,0,1
p15_GTCATTTAGACCACGA-8,0,0,0,0
p15_GTCATTTAGACGCACA-8,0,0,2.478468712,0
p15_GTCATTTAGGCTCTTA-5,0,0,3.901072902,0
p15_GTCATTTAGTGAAGTT-7,0,0,0,0
p15_GTCATTTGTTGTGGAG-7,0,0,2.448486803,1
p15_GTCATTTTCGTAGATC-5,0,0,2.945386847,0
p15_GTCCTCACAATAGAGT-6,0,0,0,0
p15_GTCCTCACACCGTTGG-8,0,0,0,1
p15_GTCCTCACACTTAAGC-5,0,0,3.667858528,0
p15_GTCCTCACAGCGTTCG-5,0,0,3.430124207,0
p15_GTCCTCAGTCTCTCTG-7,0,0,3.302408208,0
p15_GTCCTCAGTTGTACAC-6,4.444233714,2.566427554,0,0
p15_GTCCTCATCAACACCA-8,0,0,1.958704238,0
p15_GTCCTCATCTAGCACA-7,0,0,0,0
p15_GTCCTCATCTTGCCGT-6,0,0,2.232105498,0
p15_GTCGGGTAGTAGGTGC-7,2.518947715,0,0,1
p15_GTCGGGTCAGTAAGAT-8,3.508328656,0,0,1
p15_GTCGGGTCATGTTGAC-7,0,0,0,0
p15_GTCGGGTGTACCATCA-5,0,0,4.364302592,0
p15_GTCGGGTGTCCCGACA-5,0,1.542254711,0,1
p15_GTCGGGTTCACCGTAA-6,4.44720775,0,0,1
p15_GTCGTAACACTTCGAA-7,0,0,0,0
p15_GTCTCGTAGTGTCCAT-5,4.505926909,0,0,0
p15_GTCTCGTCAATAGCGG-8,1.70042526,0,2.939431883,1
p15_GTCTTCGAGACAAGCC-8,0,0,0,0
p15_GTCTTCGCACGTAAGG-8,0,1.490115363,0,1
p15_GTCTTCGCACTTCTGC-6,0,0,0,1
p15_GTCTTCGTCAGTTCGA-7,0,2.399715441,0,0
p15_GTCTTCGTCTCCTATA-5,0,0,0,0
p15_GTCTTCGTCTTACCGC-8,0,0,0,1
p15_GTGAAGGCAAGCCGCT-6,0,0,0,1
p15_GTGAAGGGTAGAGGAA-8,0,2.279513972,0,1
p15_GTGAAGGGTCACACGC-5,0,0,0,0
p15_GTGAAGGGTTAAGGGC-6,4.998378717,2.168588836,0,1
p15_GTGAAGGTCGCCCTTA-5,0,0,1.645258714,0
p15_GTGAAGGTCTTAGAGC-6,0,0,1.339854871,0
p15_GTGCAGCCACGGTGTC-5,0,0,0,1
p15_GTGCAGCGTACACCGC-8,0,0,2.14626691,0
p15_GTGCAGCGTGATGTCT-5,0,2.266236655,0,1
p15_GTGCAGCGTGCTGTAT-8,0,0,0,1
p15_GTGCAGCTCTCGCTTG-5,0,0,2.096514803,0
p15_GTGCAGCTCTTCTGGC-8,0,0,0,0
p15_GTGCATAAGAGTGAGA-7,1.657863888,0,1.657863888,0
p15_GTGCATATCAATACCG-5,0,0,1.763975365,0
p15_GTGCATATCATCTGTT-5,0,0,2.711041976,0
p15_GTGCGGTGTTACGTCA-7,0,0,3.428439139,0
p15_GTGCGGTTCCAAACTG-8,0,2.182429063,0,1
p15_GTGCGGTTCTGCAAGT-7,0,0,0,0
p15_GTGCTTCAGCTAGGCA-6,0,0,0,1
p15_GTGCTTCAGGACGAAA-5,0,0,0,0
p15_GTGCTTCAGGGTCTCC-6,0,1.415411071,0,1
p15_GTGCTTCCACCTCGGA-7,0,0,0,1
p15_GTGCTTCCAGCTTAAC-5,0,0,2.449453082,0
p15_GTGCTTCCATTACCTT-6,3.987080961,0,0,1
p15_GTGCTTCGTTCGTGAT-5,2.330691488,2.330691488,0,0
p15_GTGCTTCTCAGAGACG-8,4.236738085,2.782013863,0,1
p15_GTGCTTCTCGGCCGAT-5,0,0,2.455274185,0
p15_GTGCTTCTCTTCGGTC-6,0,0,0,1
p15_GTGGGTCAGAGATGAG-7,0,0,2.221774547,0
p15_GTGGGTCCATACCATG-8,0,0,0,0
p15_GTGGGTCCATGTCCTC-7,4.244301576,0,0,1
p15_GTGGGTCGTCTCTCGT-7,0,0,1.865399459,0
p15_GTGGGTCGTTGATTGC-8,0,0,2.457223533,0
p15_GTGGGTCTCAGCTCGG-6,1.618783022,0,0,1
p15_GTGGGTCTCGTAGATC-8,0,0,0,0
p15_GTGTGCGAGAGTAAGG-7,0,0,3.437866185,0
p15_GTGTGCGAGGACAGCT-7,2.321522294,2.321522294,0,1
p15_GTGTGCGCAGTTCATG-5,0,0,0,0
p15_GTGTGCGGTCTTGCGG-6,0,0,0,0
p15_GTGTGCGTCGGAATCT-8,0,0,0,1
p15_GTGTGCGTCGTCTGAA-8,4.121111035,2.09588899,0,1
p15_GTGTTAGAGACCTAGG-6,0,0,0,0
p15_GTGTTAGCAGGAATCG-7,0,0,2.884347643,0
p15_GTGTTAGTCCTGCAGG-5,3.236319536,0,0,1
p15_GTTAAGCAGATGTTAG-8,0,0,0,1
p15_GTTAAGCAGTTTAGGA-8,0,0,4.093570497,0
p15_GTTAAGCGTATAATGG-7,3.689806155,0,0,1
p15_GTTAAGCGTTATCGGT-5,0,0,3.785936359,0
p15_GTTAAGCGTTCGTTGA-6,0,0,0,0
p15_GTTACAGAGTCCCACG-5,0,2.085326237,0,1
p15_GTTACAGCACGTCTCT-7,0,0,0,1
p15_GTTACAGTCAAAGACA-8,0,0,3.864232342,0
p15_GTTACAGTCCCAAGTA-5,0,0,0,0
p15_GTTCATTAGACTTTCG-8,0,0,0,0
p15_GTTCATTAGCTATGCT-8,0,0,0,1
p15_GTTCATTAGGCCGAAT-8,0,0,1.315610279,0
p15_GTTCATTTCTGGTATG-6,0,0,3.035048184,0
p15_GTTCGGGAGTCAAGGC-7,0,0,2.877199795,0
p15_GTTCGGGCAACACGCC-6,0,0,1.796357563,0
p15_GTTCGGGCAATCCAAC-7,0,0,0,1
p15_GTTCGGGCATGTCGAT-7,0,0,0,0
p15_GTTCGGGGTAGCGTCC-5,4.3909438,0,2.288222029,1
p15_GTTCGGGGTCCTAGCG-5,2.476136997,1.035271525,1.035271525,0
p15_GTTCGGGTCATATCGG-8,0,0,2.22988054,0
p15_GTTCTCGAGAGTCGGT-8,0,0,0,1
p15_GTTCTCGCATTGCGGC-8,0,0,2.25546305,1
p15_GTTCTCGGTGTGACCC-5,0,0,3.333169296,0
p15_GTTCTCGTCTTGGGTA-8,0,0,0,0
p15_GTTTCTAAGACAGGCT-6,0,0,0,0
p15_GTTTCTAAGCCGATTT-6,2.556133334,2.188736463,0,1
p15_GTTTCTAAGGAACTGC-5,0,0,0,0
p15_GTTTCTAAGGCTCAGA-8,0,0,0,0
p15_GTTTCTATCAGTTTGG-7,0,0,2.247097424,0
p15_TAAACCGCAGGACCCT-5,0,0,0,0
p15_TAAACCGTCCAGATCA-7,0,0,2.807975411,0
p15_TAAGAGACACGGTAGA-6,3.21198958,0,0,1
p15_TAAGAGACAGTGGGAT-7,0,0,2.512673271,0
p15_TAAGAGACATGACATC-8,3.41849386,1.652043217,0,0
p15_TAAGCGTAGAAGGGTA-6,0,0,0,1
p15_TAAGCGTAGCGTGAGT-8,0,0,0,0
p15_TAAGCGTAGGCCCGTT-8,0,1.667212094,1.667212094,0
p15_TAAGCGTAGTACGACG-5,0,0,2.624965455,0
p15_TAAGCGTAGTTCGCGC-7,0,0,0,1
p15_TAAGCGTCAAAGGAAG-5,0,0,3.685375915,0
p15_TAAGCGTCATAGACTC-6,0,0,2.174787177,0
p15_TAAGCGTGTAATCACC-6,2.51999797,0,0,1
p15_TAAGCGTGTTGGACCC-7,1.876556006,0,0,0
p15_TAAGTGCAGACCGGAT-5,0,0,2.375177892,0
p15_TAAGTGCCAAAGCAAT-8,3.28822862,0,0,0
p15_TAAGTGCCATCCTAGA-7,0,0,0,1
p15_TAAGTGCGTCTCTTAT-5,4.4524342,3.490835799,0,1
p15_TAAGTGCGTTAAGACA-7,0,0,0,0
p15_TAAGTGCGTTCAACCA-7,0,0,0,0
p15_TAAGTGCTCACTGGGC-5,0,0,0,1
p15_TACACGATCTGCAAGT-6,0,0,0,0
p15_TACAGTGCATTAGCCA-6,0,0,1.481650906,0
p15_TACAGTGGTAGGAGTC-6,0,0,0,1
p15_TACCTATAGATATGGT-6,3.301568094,0,2.644584436,0
p15_TACCTATAGCAACGGT-7,0,2.99179834,0,1
p15_TACCTATAGCACCGTC-8,0,1.752449736,2.354934101,1
p15_TACCTATAGCTGGAAC-5,0,0,0,0
p15_TACCTATCACCGGAAA-5,0,0,0,0
p15_TACCTATCATGGATGG-7,0,1.746170517,0,1
p15_TACCTATGTGCAACTT-8,2.375472809,0,0,0
p15_TACCTATTCAGTCCCT-8,0,0,0,1
p15_TACCTTAAGTCCTCCT-6,0,0,0,0
p15_TACCTTACAACACCTA-5,0,0,0,0
p15_TACCTTACACCCAGTG-5,0,0,2.427034325,0
p15_TACCTTAGTTGTGGAG-6,3.261192367,0,2.939940767,0
p15_TACCTTATCAGTCCCT-5,0,0,3.056023427,0
p15_TACCTTATCCAGATCA-8,4.314423313,0,0,0
p15_TACCTTATCCGCTGTT-7,3.363185355,0,0,0
p15_TACCTTATCTGGAGCC-8,0,0,0,0
p15_TACGGATAGCGTTGCC-6,0,0,0,0
p15_TACGGATAGTAGCGGT-8,0,0,2.36710851,0
p15_TACGGGCAGCTGGAAC-7,0,0,0,0
p15_TACGGGCCATCGGGTC-7,0,0,0,1
p15_TACGGGCTCACCTCGT-6,0,0,3.3315418,0
p15_TACGGGCTCCAGAGGA-5,0,0,0,1
p15_TACGGGCTCTGATTCT-5,0,0,0,1
p15_TACGGTACAAAGGCGT-7,3.364442266,0,0,0
p15_TACGGTAGTACACCGC-7,0,0,0,0
p15_TACGGTATCGCCTGTT-6,0,0,2.128460787,0
p15_TACTCATCAAACTGCT-5,0,0,0,0
p15_TACTCATCATTCGACA-8,0,0,0,0
p15_TACTCATGTACAAGTA-8,0,2.222508091,0,0
p15_TACTCATGTGATAAAC-7,0,0,0,0
p15_TACTCATTCTATCCTA-5,0,0,4.018094824,0
p15_TACTCGCCACTCAGGC-6,4.4347772,0,0,1
p15_TACTCGCGTCGCGGTT-6,0,0,0,1
p15_TACTCGCGTGTTAAGA-6,3.708382978,0,0,1
p15_TACTCGCGTTTGGCGC-8,0,0,0,1
p15_TACTCGCTCTACTATC-7,0,0,2.172715692,0
p15_TACTTACAGAGGACGG-5,0,0,0,0
p15_TACTTACAGTACGTAA-6,0,0,0,1
p15_TACTTACCAATCCAAC-5,0,2.127808962,0,0
p15_TACTTACTCCGAATGT-7,0,0,0,1
p15_TACTTGTAGCCGTCGT-8,0,0,0,0
p15_TACTTGTAGGCCGAAT-6,0,0,3.492747119,0
p15_TACTTGTCATCGACGC-7,3.28152736,1.435572338,0,1
p15_TACTTGTGTAGCGCAA-5,0,0,1.632221648,0
p15_TACTTGTGTGGAAAGA-6,0,0,3.432053716,0
p15_TACTTGTGTGGCTCCA-8,0,0,3.674077746,0
p15_TACTTGTGTTAAAGAC-5,2.794418815,0,0,1
p15_TACTTGTTCTCTTGAT-8,3.161198832,0,0,0
p15_TACTTGTTCTTCATGT-5,2.805052906,1.585552427,0,1
p15_TAGACCAAGAAGGCCT-6,0,0,2.827958323,0
p15_TAGACCACACAAGCCC-5,0,0,0,1
p15_TAGACCACAGCTCGCA-7,2.741050533,0,0,1
p15_TAGACCAGTCTCTTAT-7,0,0,0,1
p15_TAGACCATCCGCTGTT-5,0,0,0,1
p15_TAGACCATCGTTACAG-7,0,0,0,1
p15_TAGAGCTAGAAGGACA-6,0,0,0,1
p15_TAGAGCTAGGTAGCTG-7,2.889946859,0,0,0
p15_TAGAGCTCAAACCTAC-6,0,0,0,1
p15_TAGAGCTCAGTCAGAG-5,3.713572067,0,0,0
p15_TAGCCGGAGATCACGG-6,0,0,4.533330287,0
p15_TAGCCGGGTAGTACCT-5,0,0,0,0
p15_TAGCCGGGTCCGAATT-5,0,0,0,0
p15_TAGCCGGGTCGGCATC-6,0,0,0,1
p15_TAGGCATGTATGAATG-8,0,0,0,0
p15_TAGGCATGTTACAGAA-5,0,0,0,1
p15_TAGGCATGTTCGTTGA-7,0,0,0,0
p15_TAGGCATTCTTCTGGC-8,2.950522648,0,0,1
p15_TAGTGGTAGGATGGTC-5,0,0,0,0
p15_TAGTGGTAGTCCTCCT-6,2.628535774,0,0,0
p15_TAGTGGTCACCAGATT-6,0,0,0,0
p15_TAGTGGTCAGTGGAGT-8,0,0,3.354256336,0
p15_TAGTGGTGTCCATGAT-8,0,0,2.539127394,1
p15_TAGTGGTTCAGGATCT-8,0,0,0,1
p15_TAGTTGGAGCATCATC-8,0,0,3.628694413,0
p15_TAGTTGGAGTCGAGTG-6,0,0,2.405199907,1
p15_TAGTTGGCAACAACCT-5,0,0,0,1
p15_TAGTTGGCACGGCGTT-8,2.322351643,1.722733741,2.694589884,1
p15_TAGTTGGCAGCTATTG-6,0,0,0,0
p15_TAGTTGGCATACGCCG-7,4.615670726,0,1.880783827,0
p15_TAGTTGGTCCCACTTG-8,3.539358509,0,0,1
p15_TATCAGGAGAGGTACC-6,0,0,0,0
p15_TATCAGGAGTCACGCC-6,0,0,0,1
p15_TATCAGGCAGACGCTC-5,2.426720598,0,0,1
p15_TATCAGGCATGAAGTA-7,0,0,0,0
p15_TATCAGGGTTCCGGCA-8,0,0,0,0
p15_TATCTCAAGGTACTCT-7,0,0,0,1
p15_TATCTCACATAGACTC-7,0,1.648642472,3.265740174,1
p15_TATCTCACATCTCCCA-7,2.612779335,1.651021201,0,1
p15_TATGCCCAGCCAGGAT-7,0,0,0,0
p15_TATGCCCAGGGCTTGA-7,0,0,0,0
p15_TATGCCCCAAGGCTCC-8,1.778958369,1.778958369,0,1
p15_TATGCCCCATCCTAGA-8,0,0,0,0
p15_TATGCCCGTGACTCAT-7,0,0,2.195803618,0
p15_TATGCCCGTGGCTCCA-7,0,2.428447547,0,1
p15_TATGCCCGTGTGAATA-5,4.741765063,1.781828901,2.387057016,1
p15_TATGCCCTCTGCCAGG-8,2.991156722,0,0,1
p15_TATTACCAGTCTCCTC-6,0,0,0,0
p15_TATTACCCAAGCTGAG-5,0,0,0,0
p15_TATTACCCAGGACGTA-5,0,0,1.909116701,0
p15_TATTACCTCACAGTAC-5,0,0,0,1
p15_TCAACGAAGGGTCGAT-6,0,0,2.4523586,0
p15_TCAACGAGTGAGGCTA-5,0,0,1.763574783,0
p15_TCAACGAGTTCCTCCA-7,0,0,0,0
p15_TCAACGATCTCATTCA-5,0,0,0,0
p15_TCAATCTAGCGATATA-7,0,0,0,1
p15_TCAATCTGTTAAGGGC-7,0,2.258526647,0,1
p15_TCAATCTTCCCTAACC-7,0,0,3.579154025,0
p15_TCAATCTTCGTCACGG-5,0,0,3.086757073,0
p15_TCACAAGAGAAGGTTT-7,0,2.339116735,0,1
p15_TCACAAGAGCTAAGAT-7,0,0,3.500134743,0
p15_TCACAAGAGGCGACAT-8,0,1.792176257,1.792176257,1
p15_TCACAAGCATGACATC-7,0,0,0,0
p15_TCACGAAAGTATCGAA-7,0,0,0,1
p15_TCACGAACAACGCACC-8,3.436700805,1.388398043,1.948313996,0
p15_TCACGAACAATCAGAA-7,0,0,3.400714173,0
p15_TCACGAACACCCATTC-8,2.85918883,1.869099473,0,0
p15_TCACGAATCCGAACGC-5,0,0,0,1
p15_TCAGATGCAGCCTTTC-6,0,0,0,0
p15_TCAGATGTCGTTACGA-8,2.845342745,0,2.845342745,1
p15_TCAGCAAAGAGTAATC-7,0,0,3.42340204,0
p15_TCAGCAAGTCCAGTAT-8,1.764777209,0,0,1
p15_TCAGCAAGTGGTCCGT-8,0,2.471989159,0,1
p15_TCAGCAATCAAACCAC-8,0,0,0,1
p15_TCAGCAATCCCTCTTT-8,0,0,0,1
p15_TCAGCAATCTAGCACA-7,0,0,0,1
p15_TCAGCTCAGCAGGTCA-7,0,0,1.504116287,0
p15_TCAGCTCAGGTAGCCA-7,4.457922953,2.09297514,0,0
p15_TCAGCTCAGTGCCATT-7,0,0,3.16771425,0
p15_TCAGCTCCAAGCTGGA-8,0,0,0,0
p15_TCAGCTCCACGAAGCA-5,4.613471739,0,0,1
p15_TCAGCTCCAGTAAGAT-6,0,0,0,0
p15_TCAGCTCGTATCGCAT-8,0,0,0,0
p15_TCAGCTCGTTAGGGTG-6,5.788893249,1.793428083,0,1
p15_TCAGCTCTCTAAGCCA-7,0,0,0,0
p15_TCAGGATCAAGGACTG-5,0,0,3.06864906,0
p15_TCAGGATCAATTGCTG-7,0,0,0,0
p15_TCAGGATTCGGCTTGG-8,0,0,0,1
p15_TCAGGTAAGAGGTACC-8,0,0,3.459492118,0
p15_TCAGGTAGTGCAACGA-5,2.073383954,0,0,0
p15_TCATTACAGACTCGGA-7,0,0,2.49310455,0
p15_TCATTACCAGCAGTTT-8,0,0,0,1
p15_TCATTACCATAAGACA-6,0,0,1.503844106,1
p15_TCATTTGAGATGGCGT-5,0,0,0,0
p15_TCATTTGCAGCTGTTA-5,0,0,0,1
p15_TCATTTGGTCATCGGC-8,3.674077746,0,0,0
p15_TCATTTGGTTGTCTTT-7,4.148991548,2.07065391,0,0
p15_TCATTTGTCTTAGCCC-7,2.703210281,0,0,0
p15_TCCACACAGACTACAA-7,0,0,0,1
p15_TCCACACAGGTCATCT-7,0,0,3.307464904,0
p15_TCCACACAGTGGAGTC-5,0,0,0,0
p15_TCCACACCAGCCAATT-5,0,0,0,1
p15_TCCACACGTGCCTGCA-5,0,0,0,0
p15_TCCACACGTGGCTCCA-7,0,0,0,0
p15_TCCACACTCTCATTCA-5,0,0,0,0
p15_TCCACACTCTCTTGAT-5,0,0,0,1
p15_TCCCGATCACCCTATC-6,0,0,2.12650693,0
p15_TCCCGATCACTGTGTA-5,3.687904953,0,0,0
p15_TCCCGATGTGACGCCT-7,0,0,0,0
p15_TCCCGATTCACTCTTA-5,0,0,0,0
p15_TCCCGATTCAGAGGTG-7,0,1.912059732,0,0
p15_TCCCGATTCCCTTGTG-8,3.697129498,0,0,1
p15_TCCCGATTCCGTAGTA-6,0,0,0,0
p15_TCCCGATTCTAACTGG-7,4.571738503,0,0,0
p15_TCGAGGCGTTACCAGT-8,2.224712746,0,0,0
p15_TCGCGAGAGCCAACAG-8,2.09588899,2.09588899,0,1
p15_TCGCGAGGTAGAAGGA-8,3.351062702,0,0,0
p15_TCGCGAGGTGGTACAG-5,0,0,0,0
p15_TCGCGAGTCCCTTGTG-7,0,1.348447098,1.902537278,0
p15_TCGCGAGTCGGGAGTA-7,0,0,0,1
p15_TCGCGAGTCGTTGCCT-5,4.010972772,0,0,0
p15_TCGCGAGTCTTCAACT-6,3.376854949,0,0,1
p15_TCGCGTTAGCGTAATA-6,3.936740131,0,2.607331788,1
p15_TCGCGTTGTACCGGCT-8,0,0,2.281090349,0
p15_TCGCGTTGTACGCACC-5,1.877024564,0,0,1
p15_TCGCGTTGTTACCAGT-8,3.513204237,1.860342297,0,1
p15_TCGCGTTTCCAAACTG-6,0,0,3.713572067,0
p15_TCGCGTTTCCTGCTTG-6,0,0,0,1
p15_TCGGGACCACGACGAA-5,3.246154672,0,0,1
p15_TCGGGACGTCTGATCA-7,0,0,3.229690917,0
p15_TCGGGACGTGCACGAA-7,0,2.793458385,0,1
p15_TCGGGACGTTCAGCGC-7,0,0,0,0
p15_TCGGGACTCACAAACC-5,0,0,0,1
p15_TCGGGACTCCGCGTTT-5,3.045793167,0,0,1
p15_TCGGGACTCTATCGCC-8,0,2.324012856,0,0
p15_TCGGTAAGTAGAGTGC-5,2.758175901,0,0,1
p15_TCGGTAAGTCGAACAG-6,0,0,2.260062798,0
p15_TCGGTAAGTGCAGGTA-7,0,0,0,1
p15_TCGTACCAGGCCATAG-8,0,0,3.062476241,0
p15_TCGTACCCAAGCGAGT-8,1.862177221,1.862177221,0,0
p15_TCGTACCCATGGTAGG-6,0,2.555402746,0,1
p15_TCGTACCCATTTGCCC-6,0,0,1.662348864,0
p15_TCGTACCGTCGCATAT-8,3.858700544,0,0,0
p15_TCGTACCGTGATGATA-5,0,2.686053738,0,1
p15_TCGTACCGTTAGGGTG-6,0,0,2.036302435,1
p15_TCGTACCTCTGGTATG-7,0,0,0,0
p15_TCGTAGAGTTTCCACC-7,0,0,4.206598968,0
p15_TCGTAGATCATCACCC-6,0,0,0,0
p15_TCTATTGAGCTGTCTA-5,4.279837404,0,0,1
p15_TCTATTGCAGCCTATA-6,0,0,0,0
p15_TCTATTGCATGGAATA-7,1.737241321,0,0,0
p15_TCTATTGCATTCTTAC-7,3.583302914,0,0,1
p15_TCTATTGGTCTTCGTC-6,0,0,0,1
p15_TCTCATAAGCGTGAGT-7,1.512612076,0,1.512612076,1
p15_TCTCATACAATGGTCT-8,0,0,0,1
p15_TCTCTAAAGGCTACGA-7,0,0,0,0
p15_TCTCTAAAGTGCAAGC-7,2.728254816,0,0,1
p15_TCTCTAACAAGGGTCA-7,0,0,0,0
p15_TCTCTAACAGCTGTAT-7,3.707736326,0,0,1
p15_TCTCTAAGTTAAGATG-8,0,0,0,1
p15_TCTCTAATCCATGAGT-7,0,0,0,1
p15_TCTGAGATCCATGAAC-7,0,0,0,0
p15_TCTGGAAAGAAGGTGA-6,0,0,0,1
p15_TCTTCGGAGCAAATCA-8,0,0,0,0
p15_TCTTCGGGTACTTAGC-7,0,2.401844005,0,1
p15_TCTTTCCAGACATAAC-8,0,0,3.243193133,0
p15_TCTTTCCAGGAGTAGA-6,0,0,0,1
p15_TCTTTCCCAAGCCTAT-7,0,2.174096083,0,0
p15_TGAAAGAAGCCCGAAA-8,3.419105977,0,0,0
p15_TGAAAGAAGTGTGGCA-8,0,0,0,1
p15_TGAAAGACACCAGATT-6,0,0,2.69351829,0
p15_TGAAAGACATACTACG-5,2.071259757,0,2.071259757,0
p15_TGAAAGACATTAACCG-6,0,0,3.294517169,0
p15_TGAAAGAGTAAGAGGA-5,0,0,0,0
p15_TGACAACGTCAAAGCG-5,3.658810017,0,0,1
p15_TGACAACGTCTCCATC-5,0,0,0,0
p15_TGACGGCAGCTAGGCA-5,0,0,3.125473838,0
p15_TGACGGCAGCTAGTGG-7,0,0,0,0
p15_TGACGGCGTTACGTCA-7,0,0,0,0
p15_TGACGGCTCCTCCTAG-7,2.996302453,0,0,0
p15_TGACGGCTCTCTTGAT-7,2.565318668,0,0,0
p15_TGACTAGAGCCCAATT-5,0,0,2.187330504,0
p15_TGACTAGAGCCTATGT-8,0,0,0,1
p15_TGACTAGCAGGAACGT-8,0,0,3.706659547,0
p15_TGACTAGGTAAGGGAA-8,0,0,0,0
p15_TGACTAGTCCGCAAGC-7,0,0,0,1
p15_TGACTTTAGGAGTTTA-7,0,0,3.950802474,0
p15_TGACTTTCAAGGCTCC-8,0,0,0,1
p15_TGACTTTCACTTACGA-7,0,1.764777209,0,0
p15_TGACTTTTCCCGGATG-6,3.217341101,0,0,0
p15_TGAGAGGAGTACCGGA-7,0,0,0,1
p15_TGAGAGGTCAGTTGAC-6,0,0,0,0
p15_TGAGCATGTCGAAAGC-8,4.088319148,1.59113221,0,0
p15_TGAGCCGAGAATTCCC-5,0,0,0,0
p15_TGAGCCGAGATCGGGT-8,0,0,2.874829829,0
p15_TGAGCCGCACACATGT-7,0,0,0,0
p15_TGAGCCGGTAGAAGGA-5,0,0,0,1
p15_TGAGGGAGTTAGTGGG-6,2.241818535,0,0,0
p15_TGAGGGAGTTCCTCCA-8,0,0,0,1
p15_TGATTTCAGTACGTAA-5,4.164668754,0,2.615516055,1
p15_TGATTTCCAGTATCTG-5,0,0,3.039772963,0
p15_TGATTTCGTATGGTTC-8,0,0,2.523156532,0
p15_TGATTTCGTCCTCCAT-5,3.940854817,2.241818535,0,1
p15_TGATTTCGTGCAGACA-5,0,0,0,0
p15_TGATTTCTCCACTCCA-7,0,0,3.613646161,0
p15_TGATTTCTCTTGCAAG-5,0,0,1.64357316,0
p15_TGCACCTCAGAGTGTG-8,0,0,0,0
p15_TGCACCTCAGCAGTTT-7,0,0,0,1
p15_TGCACCTCAGCTGGCT-8,0,0,3.740714611,0
p15_TGCACCTGTGATGTGG-6,0,0,0,1
p15_TGCACCTTCCTTTCTC-8,0,0,0,0
p15_TGCCAAAAGATGGGTC-6,0,0,0,0
p15_TGCCAAACAGATGGCA-6,0,0,3.199872878,0
p15_TGCCAAAGTTCGGCAC-8,2.445594608,2.445594608,0,1
p15_TGCCAAATCTTACCGC-5,0,0,0,0
p15_TGCCCATAGGGCTTCC-5,0,0,2.721152194,0
p15_TGCCCATGTACCGGCT-6,0,0,1.717089087,0
p15_TGCCCTAAGAAGGTGA-6,0,0,0,0
p15_TGCCCTACACAGAGGT-7,0,0,0,1
p15_TGCCCTAGTCGTGGCT-7,4.064308059,2.098395258,0,1
p15_TGCCCTAGTGGTTTCA-5,0,0,3.302408208,0
p15_TGCCCTATCAACACAC-5,0,0,0,0
p15_TGCCCTATCGCGTAGC-7,0,0,0,0
p15_TGCGCAGAGAAACGCC-8,0,0,2.334893336,0
p15_TGCGCAGAGACTTGAA-7,0,0,0,1
p15_TGCGCAGAGAGCTGGT-6,0,0,3.010868112,0
p15_TGCGCAGAGAGGGATA-7,0,0,2.266236655,0
p15_TGCGCAGAGCTGTTCA-5,0,2.31821325,0,0
p15_TGCGCAGCACCGATAT-7,0,0,0,0
p15_TGCGCAGCAGATGGGT-5,0,0,0,0
p15_TGCGCAGGTGAGTATA-5,0,0,0,0
p15_TGCGCAGTCAATCACG-8,0,0,3.179780449,0
p15_TGCGGGTGTAGTAGTA-6,0,0,0,1
p15_TGCGGGTGTCATGCAT-5,0,0,3.727329469,0
p15_TGCGGGTGTCCCGACA-6,0,0,0,0
p15_TGCGTGGAGCCGGTAA-8,0,2.160398879,0,1
p15_TGCGTGGCAAACGTGG-8,2.722922463,0,0,1
p15_TGCGTGGCAAAGGTGC-6,0,0,0,0
p15_TGCGTGGGTGATAAGT-6,2.093390739,2.722922463,0,1
p15_TGCGTGGGTGTGACGA-8,2.117452572,0,0,1
p15_TGCGTGGGTTTGTTTC-7,0,0,0,1
p15_TGCGTGGTCAGCATGT-7,0,0,2.091522285,0
p15_TGCTACCCAAATTGCC-7,1.783886392,0,0,0
p15_TGCTACCGTGTTGAGG-6,4.307244975,0,0,1
p15_TGCTACCGTTCCCTTG-7,0,0,0,0
p15_TGCTACCGTTCGCTAA-7,0,0,0,1
p15_TGCTGCTCACGTCAGC-5,0,0,0,1
p15_TGCTGCTGTACAGTGG-5,0,0,3.670838674,0
p15_TGCTGCTTCTCTGTCG-7,0,0,0,1
p15_TGGACGCAGTATCTCG-6,0,0,1.926952235,0
p15_TGGCCAGCATCGTCGG-8,0,0,0,0
p15_TGGCCAGGTAGTGAAT-6,0,0,2.745130316,0
p15_TGGCCAGGTCTCATCC-6,0,0,0,1
p15_TGGCCAGTCCCTGACT-7,0,0,0,0
p15_TGGCCAGTCGATCCCT-7,0,0,0,1
p15_TGGCGCAAGTATTGGA-5,0,0,1.950898119,0
p15_TGGCGCACAGCATACT-6,0,0,2.660110739,0
p15_TGGCGCACAGTCAGCC-7,2.769547096,0,0,0
p15_TGGCGCAGTCTTGATG-6,0,0,0,0
p15_TGGCGCATCAGAGCTT-8,0,0,0,1
p15_TGGCGCATCGCCCTTA-7,0,0,0,0
p15_TGGCTGGAGAGGTTGC-8,0,0,0,0
p15_TGGCTGGAGCGTAATA-5,0,0,0,1
p15_TGGCTGGAGTGTCCCG-8,0,0,0,1
p15_TGGCTGGCACTCGACG-5,0,2.012631399,0,1
p15_TGGCTGGGTACCAGTT-5,2.313069434,1.186729612,0,1
p15_TGGCTGGGTACTTGAC-7,0,0,3.086757073,0
p15_TGGCTGGGTTGGTAAA-8,0,0,0,0
p15_TGGCTGGTCCGTCAAA-6,0,0,0,0
p15_TGGCTGGTCGCGATCG-8,0,2.226185877,0,1
p15_TGGGAAGCAAGAAGAG-5,0,0,0,1
p15_TGGGAAGCACACCGCA-5,0,0,0,0
p15_TGGGAAGCAGCTGCAC-5,3.366137928,0,0,1
p15_TGGGAAGGTAGCGATG-5,0,0,0,0
p15_TGGGAAGGTTTGACTG-6,0,0,4.621743496,0
p15_TGGGAAGTCAAGGTAA-5,0,0,2.033988825,0
p15_TGGGCGTAGACGCTTT-6,5.310703033,0,2.135666684,0
p15_TGGGCGTCAGCGAACA-6,0,0,2.528446976,0
p15_TGGGCGTGTCTCCACT-7,0,0,0,0
p15_TGGGCGTTCCTAGGGC-5,0,2.827210137,0,0
p15_TGGGCGTTCGGTGTTA-7,0,0,0,0
p15_TGGTTAGAGCTTCGCG-6,2.82347863,2.188033174,0,1
p15_TGGTTAGAGTACCGGA-5,0,0,0,0
p15_TGGTTAGCAATGGTCT-6,3.255695807,0,0,1
p15_TGGTTAGCATACGCCG-5,0,0,0,1
p15_TGGTTAGTCAAGGCTT-6,1.767590841,0,1.767590841,1
p15_TGGTTCCAGCCGCCTA-6,0,0,0,1
p15_TGGTTCCAGTCAAGGC-8,0,0,0,0
p15_TGGTTCCGTCCAGTAT-8,0,2.045627064,0,1
p15_TGGTTCCGTGACTACT-5,0,0,0,0
p15_TGTATTCAGAAGGGTA-7,0,0,0,0
p15_TGTATTCAGCTAGTTC-7,0,0,2.638129255,0
p15_TGTATTCAGCTTATCG-7,3.976344858,0,0,1
p15_TGTATTCAGTACGATA-8,0,0,2.703860251,0
p15_TGTATTCAGTATGACA-6,0,0,0,1
p15_TGTATTCCAATGAAAC-6,0,0,0,0
p15_TGTATTCTCATGTAGC-6,0,0,0,1
p15_TGTATTCTCTGTCTCG-5,0,0,3.32194342,0
p15_TGTATTCTCTGTGCAA-6,4.062903036,1.04497167,1.04497167,1
p15_TGTCCCAAGCGCTTAT-8,3.196118838,0,0,0
p15_TGTCCCAAGTGATCGG-5,3.480980195,0,0,0
p15_TGTCCCAAGTTAACGA-5,0,0,0,1
p15_TGTCCCACACGCCAGT-5,0,0,1.945224748,0
p15_TGTCCCAGTCGGGTCT-6,0,0,0,1
p15_TGTCCCAGTGCACGAA-8,0,0,2.57872086,0
p15_TGTCCCATCAGCATGT-5,0,0,2.140286783,0
p15_TGTCCCATCGCTTAGA-6,0,0,0,1
p15_TGTGGTACAAGTTGTC-5,0,1.756402867,0,1
p15_TGTGGTACATTGGCGC-5,0,0,2.21520259,0
p15_TGTGGTAGTAAAGTCA-5,0,0,0,1
p15_TGTGGTAGTAGCCTCG-6,0,2.145600212,2.145600212,0
p15_TGTGGTATCTCTAAGG-7,0,0,0,1
p15_TGTGTTTCACCAGGCT-6,0,0,2.7658179,0
p15_TGTGTTTCAGAGCCAA-8,2.116809807,0,2.747860727,1
p15_TGTGTTTGTGCCTGTG-6,0,0,3.155804392,0
p15_TGTGTTTTCTTAACCT-5,0,0,0,0
p15_TGTTCCGTCACAACGT-7,0,1.776507102,0,1
p15_TGTTCCGTCAGTACGT-8,0,0,3.043570555,0
p15_TGTTCCGTCCAGTAGT-8,0,0,1.638207468,0
p15_TGTTCCGTCCCGACTT-5,0,0,0,1
p15_TGTTCCGTCTCCGGTT-6,1.681300878,0,1.681300878,0
p15_TTAACTCAGAGCAATT-6,0,0,0,1
p15_TTAACTCGTGAAATCA-7,0,2.784861132,0,0
p15_TTAACTCGTTCGCTAA-5,0,0,0,1
p15_TTAACTCTCATTCACT-7,0,1.659930205,0,0
p15_TTAACTCTCCTCAATT-5,2.781066809,0,1.799299088,1
p15_TTAACTCTCCTGTAGA-8,0,0,0,0
p15_TTAACTCTCTGCAAGT-8,0,0,0,1
p15_TTAGGACAGGATGTAT-8,2.339540268,2.083476989,2.083476989,1
p15_TTAGGACAGTGTGAAT-5,4.58282873,0,0,0
p15_TTAGGACGTAATTGGA-6,0,0,0,1
p15_TTAGGACTCTTGAGGT-7,0,0,4.280841387,0
p15_TTAGGCACAAAGCAAT-5,0,0,3.432053716,0
p15_TTAGGCAGTGATGTCT-8,0,0,0,1
p15_TTAGGCAGTTAAAGTG-6,0,0,0,0
p15_TTAGTTCCATCTCGCT-5,2.82372691,1.837343077,2.447521632,1
p15_TTAGTTCGTGTGCCTG-5,0,0,0,1
p15_TTAGTTCGTTTAAGCC-8,0,0,2.253935584,0
p15_TTAGTTCTCCACGTTC-6,0,0,1.674572526,0
p15_TTAGTTCTCTCAAACG-7,0,0,3.876787618,1
p15_TTATGCTAGAAGGTGA-8,3.32383369,0,0,0
p15_TTATGCTCACCCAGTG-7,0,0,0,1
p15_TTATGCTGTCGTCTTC-6,0,0,0,0
p15_TTATGCTTCGTCACGG-6,0,0,2.014599747,0
p15_TTCCCAGCATATGGTC-8,0,0,0,0
p15_TTCCCAGGTAAACACA-5,0,0,4.572496576,0
p15_TTCCCAGTCGCTGATA-6,2.885145388,0,0,0
p15_TTCGAAGAGTGACTCT-7,0,0,3.576448212,0
p15_TTCGGTCAGCATCATC-7,0,0,0,0
p15_TTCGGTCGTCTGATTG-6,0,0,2.734292707,0
p15_TTCGGTCGTTGCGCAC-8,3.955647626,0,0,1
p15_TTCGGTCTCGCGCCAA-5,0,1.118743545,0,0
p15_TTCGGTCTCGTGGTCG-8,3.989545056,0,0,0
p15_TTCTACAAGAAGGTGA-8,0,0,2.412877514,0
p15_TTCTACAAGAATGTGT-6,5.029272945,0,0,0
p15_TTCTACAAGTAATCCC-8,4.263995321,2.173405588,0,0
p15_TTCTACACATGAACCT-7,0,0,0,1
p15_TTCTCAACAAGGCTCC-5,3.433987204,2.397895273,0,1
p15_TTCTCAACATAAGACA-7,0,2.967856556,0,0
p15_TTCTCAACATCGACGC-5,0,0,0,0
p15_TTCTCAAGTGTGACCC-6,0,0,2.111686554,0
p15_TTCTCAATCCAAACTG-7,0,0,0,1
p15_TTCTCCTAGAGGTACC-5,0,0,3.284099043,0
p15_TTCTCCTCAGATGGCA-7,0,0,2.797788553,0
p15_TTCTCCTTCATGCATG-8,0,0,0,1
p15_TTCTCCTTCCATTCTA-7,0,0,0,1
p15_TTCTTAGCATACAGCT-8,0,0,0,0
p15_TTCTTAGTCAGATAAG-8,0,0,2.882754286,0
p15_TTGAACGAGCCTATGT-5,0,0,2.728589167,0
p15_TTGAACGGTGATAAGT-8,0,0,0,0
p15_TTGAACGTCCAGAGGA-6,0,0,2.367984999,1
p15_TTGAACGTCCATGCTC-7,0,0,0,0
p15_TTGACTTAGTCCATAC-5,0,0,0,1
p15_TTGACTTCACGGACAA-6,0,2.014599747,0,1
p15_TTGACTTCATCTATGG-8,0,0,2.699320577,0
p15_TTGACTTGTACTCAAC-5,0,0,0,0
p15_TTGCCGTAGACGACGT-8,0,0,0,0
p15_TTGCCGTAGGAGCGAG-8,0,0,0,1
p15_TTGCCGTAGTATCTCG-6,0,0,2.714984262,0
p15_TTGCCGTAGTGGCACA-8,0,0,0,1
p15_TTGCCGTGTGTTTGGT-5,0,2.028235094,0,1
p15_TTGCCGTGTTCGTGAT-7,0,0,0,1
p15_TTGCGTCAGTAACCCT-6,0,0,0,0
p15_TTGCGTCCACATTAGC-5,0,0,0,0
p15_TTGCGTCTCGAACGGA-5,0,0,0,1
p15_TTGGAACCACCAGGTC-6,4.211782844,0,0,0
p15_TTGGAACGTAAGAGAG-8,3.641449805,2.131728028,0,1
p15_TTGGAACTCAGCGATT-5,0,0,0,0
p15_TTGGAACTCCCTCAGT-5,0,0,3.239062846,0
p15_TTGGCAAAGCGAGAAA-6,0,2.272457809,0,1
p15_TTGGCAAAGCGTGAGT-7,0,0,2.79417861,0
p15_TTGGCAAGTCTCCATC-8,4.516148503,1.470453148,0,0
p15_TTGGCAAGTGCTCTTC-8,0,0,0,0
p15_TTGGCAAGTTTGGCGC-6,3.283799426,1.204252877,0,1
p15_TTGGCAATCACGACTA-5,0,0,0,1
p15_TTGGCAATCTGGCGAC-8,0,0,0,1
p15_TTGTAGGCACGTAAGG-6,0,0,3.39095863,0
p15_TTGTAGGCAGTATCTG-7,0,0,2.677179779,0
p15_TTGTAGGTCCAAAGTC-8,2.542357761,0,0,1
p15_TTTACTGCAACGATGG-6,0,0,0,0
p15_TTTACTGCACTGTTAG-7,0,0,2.354934101,0
p15_TTTACTGTCCATGAAC-7,0,0,0,1
p15_TTTATGCAGGGTGTTG-5,0,0,0,1
p15_TTTATGCGTACTCAAC-5,0,0,3.147847864,0
p15_TTTATGCGTAGCGCTC-6,0,0,2.476969014,0
p15_TTTATGCGTTGTCGCG-8,0,0,2.609662242,0
p15_TTTATGCTCATTATCC-5,0,0,2.309181602,0
p15_TTTCCTCAGAACAACT-8,0,0,4.086351228,0
p15_TTTCCTCAGACATAAC-8,0,0,0,1
p15_TTTCCTCAGGGCTCTC-7,2.683085705,0,0,1
p15_TTTCCTCCATCGACGC-5,0,0,0,1
p15_TTTCCTCCATTAACCG-5,0,0,0,1
p15_TTTGCGCAGCTACCTA-8,0,0,0,0
p15_TTTGCGCAGCTGCAAG-7,3.960685654,0,0,1
p15_TTTGCGCGTAGCTGCC-5,3.676264122,0,0,1
p15_TTTGCGCTCAAGGCTT-5,0,0,3.072896794,0
p15_TTTGCGCTCCTAAGTG-7,0,0,0,0
p15_TTTGCGCTCTTACCTA-5,0,0,0,0
p15_TTTGGTTAGTCCGTAT-6,0,0,0,0
p15_TTTGGTTCAGCCTTTC-8,0,2.23881744,0,0
p15_TTTGGTTTCGGAGGTA-8,0,0,0,1
p15_TTTGTCAGTCTACCTC-5,4.047778611,2.201502659,0,1
p15_TTTGTCATCCAATGGT-7,0,0,0,1
p15_TTTGTCATCGGCATCG-7,0,0,0,0
